trial_num,action,totaldays,daysleft,muvalue,reward,gap,RT
1.0,1.0,7.0,7.0,-2.6,-2.6,,5615.0
1.0,1.0,7.0,6.0,-2.6,-3.7,-1.1,4703.0
1.0,0.0,7.0,5.0,-2.6,-2.6,0.0,1928.0
1.0,1.0,7.0,4.0,-2.6,-3.0,-0.4,4399.0
1.0,0.0,7.0,3.0,-2.6,-2.6,0.0,1825.0
1.0,1.0,7.0,2.0,-2.6,-3.4,-0.8,1897.0
1.0,0.0,7.0,1.0,-2.6,-2.6,0.0,2303.0
2.0,1.0,5.0,5.0,-2.5,-2.5,,5615.0
2.0,1.0,5.0,4.0,-2.4,-2.4,0.1,4703.0
2.0,0.0,5.0,3.0,-2.4,-2.4,0.0,1928.0
2.0,0.0,5.0,2.0,-2.4,-2.4,0.0,4399.0
2.0,1.0,5.0,1.0,-2.4,-3.1,-0.7,1825.0
3.0,1.0,8.0,8.0,-2.7,-2.7,,5615.0
3.0,1.0,8.0,7.0,-2.7,-3.5,-0.8,4703.0
3.0,0.0,8.0,6.0,-2.7,-2.7,0.0,1928.0
3.0,0.0,8.0,5.0,-2.7,-2.7,0.0,4399.0
3.0,1.0,8.0,4.0,-2.5,-2.5,0.2,1825.0
3.0,0.0,8.0,3.0,-2.5,-2.5,0.0,1897.0
3.0,1.0,8.0,2.0,-2.5,-2.7,-0.2,2303.0
3.0,0.0,8.0,1.0,-2.5,-2.5,0.0,5585.0
4.0,1.0,6.0,6.0,-3.6,-3.6,,5615.0
4.0,1.0,6.0,5.0,-2.5,-2.5,1.1,4703.0
4.0,0.0,6.0,4.0,-2.5,-2.5,0.0,1928.0
4.0,0.0,6.0,3.0,-2.5,-2.5,0.0,4399.0
4.0,1.0,6.0,2.0,-2.5,-3.4,-0.9,1825.0
4.0,0.0,6.0,1.0,-2.5,-2.5,0.0,1897.0
5.0,1.0,7.0,7.0,-1.3,-1.3,,5615.0
5.0,0.0,7.0,6.0,-1.3,-1.3,0.0,4703.0
5.0,0.0,7.0,5.0,-1.3,-1.3,0.0,1928.0
5.0,0.0,7.0,4.0,-1.3,-1.3,0.0,4399.0
5.0,0.0,7.0,3.0,-1.3,-1.3,0.0,1825.0
5.0,0.0,7.0,2.0,-1.3,-1.3,0.0,1897.0
5.0,0.0,7.0,1.0,-1.3,-1.3,0.0,2303.0
6.0,1.0,9.0,9.0,-2.6,-2.6,,5615.0
6.0,1.0,9.0,8.0,-2.3,-2.3,0.3,4703.0
6.0,0.0,9.0,7.0,-2.3,-2.3,0.0,1928.0
6.0,1.0,9.0,6.0,-2.3,-2.9,-0.6,4399.0
6.0,0.0,9.0,5.0,-2.3,-2.3,0.0,1825.0
6.0,1.0,9.0,4.0,-2.3,-3.2,-0.9,1897.0
6.0,0.0,9.0,3.0,-2.3,-2.3,0.0,2303.0
6.0,0.0,9.0,2.0,-2.3,-2.3,0.0,5585.0
6.0,1.0,9.0,1.0,-2.3,-2.5,-0.2,2326.0
7.0,1.0,8.0,8.0,-3.0,-3.0,,5615.0
7.0,1.0,8.0,7.0,-1.9,-1.9,1.1,4703.0
7.0,0.0,8.0,6.0,-1.9,-1.9,0.0,1928.0
7.0,0.0,8.0,5.0,-1.9,-1.9,0.0,4399.0
7.0,0.0,8.0,4.0,-1.9,-1.9,0.0,1825.0
7.0,0.0,8.0,3.0,-1.9,-1.9,0.0,1897.0
7.0,1.0,8.0,2.0,-1.9,-2.9,-1.0,2303.0
7.0,0.0,8.0,1.0,-1.9,-1.9,0.0,5585.0
8.0,1.0,5.0,5.0,-2.1,-2.1,,5615.0
8.0,1.0,5.0,4.0,-2.1,-3.4,-1.3,4703.0
8.0,0.0,5.0,3.0,-2.1,-2.1,0.0,1928.0
8.0,1.0,5.0,2.0,-2.1,-3.8,-1.7,4399.0
8.0,0.0,5.0,1.0,-2.1,-2.1,0.0,1825.0
9.0,1.0,7.0,7.0,-3.7,-3.7,,5615.0
9.0,1.0,7.0,6.0,-2.8,-2.8,0.9,4703.0
9.0,1.0,7.0,5.0,-2.8,-2.8,0.0,1928.0
9.0,1.0,7.0,4.0,-2.8,-3.2,-0.4,4399.0
9.0,1.0,7.0,3.0,-2.8,-3.8,-1.0,1825.0
9.0,0.0,7.0,2.0,-2.8,-2.8,0.0,1897.0
9.0,1.0,7.0,1.0,-2.8,-2.8,0.0,2303.0
10.0,1.0,10.0,10.0,-3.2,-3.2,,5615.0
10.0,1.0,10.0,9.0,-2.1,-2.1,1.1,4703.0
10.0,1.0,10.0,8.0,-2.1,-3.0,-0.9,1928.0
10.0,1.0,10.0,7.0,-2.1,-2.1,0.0,4399.0
10.0,1.0,10.0,6.0,-2.1,-3.6,-1.5,1825.0
10.0,1.0,10.0,5.0,-2.1,-3.0,-0.9,1897.0
10.0,0.0,10.0,4.0,-2.1,-2.1,0.0,2303.0
10.0,0.0,10.0,3.0,-2.1,-2.1,0.0,5585.0
10.0,1.0,10.0,2.0,-2.1,-2.8,-0.7,2326.0
10.0,0.0,10.0,1.0,-2.1,-2.1,0.0,2857.0
11.0,1.0,5.0,5.0,-4.5,-4.5,,5615.0
11.0,1.0,5.0,4.0,-3.9,-3.9,0.6,4703.0
11.0,1.0,5.0,3.0,-2.9,-2.9,1.0,1928.0
11.0,1.0,5.0,2.0,-2.8,-2.8,0.1,4399.0
11.0,1.0,5.0,1.0,-2.6,-2.6,0.2,1825.0
12.0,1.0,5.0,5.0,-3.4,-3.4,,5615.0
12.0,1.0,5.0,4.0,-2.7,-2.7,0.7,4703.0
12.0,1.0,5.0,3.0,-2.7,-3.4,-0.7,1928.0
12.0,1.0,5.0,2.0,-2.7,-3.6,-0.9,4399.0
12.0,1.0,5.0,1.0,-2.7,-3.3,-0.6,1825.0
13.0,1.0,9.0,9.0,-2.9,-2.9,,5615.0
13.0,1.0,9.0,8.0,-2.9,-2.9,0.0,4703.0
13.0,1.0,9.0,7.0,-2.9,-3.4,-0.5,1928.0
13.0,1.0,9.0,6.0,-2.8,-2.8,0.1,4399.0
13.0,1.0,9.0,5.0,-2.8,-3.1,-0.3,1825.0
13.0,1.0,9.0,4.0,-2.8,-3.3,-0.5,1897.0
13.0,1.0,9.0,3.0,-2.8,-4.4,-1.6,2303.0
13.0,1.0,9.0,2.0,-2.8,-3.0,-0.2,5585.0
13.0,0.0,9.0,1.0,-2.8,-2.8,0.0,2326.0
14.0,1.0,6.0,6.0,-3.8,-3.8,,5615.0
14.0,1.0,6.0,5.0,-2.8,-2.8,1.0,4703.0
14.0,1.0,6.0,4.0,-2.8,-3.5,-0.7,1928.0
14.0,0.0,6.0,3.0,-2.8,-2.8,0.0,4399.0
14.0,1.0,6.0,2.0,-2.8,-3.2,-0.4,1825.0
14.0,0.0,6.0,1.0,-2.8,-2.8,0.0,1897.0
15.0,1.0,6.0,6.0,-3.1,-3.1,,5615.0
15.0,1.0,6.0,5.0,-2.5,-2.5,0.6,4703.0
15.0,1.0,6.0,4.0,-2.0,-2.0,0.5,1928.0
15.0,0.0,6.0,3.0,-2.0,-2.0,0.0,4399.0
15.0,0.0,6.0,2.0,-2.0,-2.0,0.0,1825.0
15.0,1.0,6.0,1.0,-2.0,-2.2,-0.2,1897.0
16.0,1.0,9.0,9.0,-3.0,-3.0,,5615.0
16.0,1.0,9.0,8.0,-3.0,-3.6,-0.6,4703.0
16.0,1.0,9.0,7.0,-2.8,-2.8,0.2,1928.0
16.0,1.0,9.0,6.0,-2.8,-4.0,-1.2,4399.0
16.0,0.0,9.0,5.0,-2.8,-2.8,0.0,1825.0
16.0,0.0,9.0,4.0,-2.8,-2.8,0.0,1897.0
16.0,1.0,9.0,3.0,-2.8,-3.5,-0.7,2303.0
16.0,1.0,9.0,2.0,-2.8,-4.2,-1.4,5585.0
16.0,0.0,9.0,1.0,-2.8,-2.8,0.0,2326.0
17.0,1.0,8.0,8.0,-2.6,-2.6,,5615.0
17.0,1.0,8.0,7.0,-2.3,-2.3,0.3,4703.0
17.0,1.0,8.0,6.0,-2.3,-2.6,-0.3,1928.0
17.0,1.0,8.0,5.0,-2.2,-2.2,0.1,4399.0
17.0,0.0,8.0,4.0,-2.2,-2.2,0.0,1825.0
17.0,0.0,8.0,3.0,-2.2,-2.2,0.0,1897.0
17.0,0.0,8.0,2.0,-2.2,-2.2,0.0,2303.0
17.0,0.0,8.0,1.0,-2.2,-2.2,0.0,5585.0
18.0,1.0,8.0,8.0,-3.4,-3.4,,5615.0
18.0,1.0,8.0,7.0,-2.5,-2.5,0.9,4703.0
18.0,1.0,8.0,6.0,-2.5,-3.5,-1.0,1928.0
18.0,1.0,8.0,5.0,-2.4,-2.4,0.1,4399.0
18.0,0.0,8.0,4.0,-2.4,-2.4,0.0,1825.0
18.0,0.0,8.0,3.0,-2.4,-2.4,0.0,1897.0
18.0,1.0,8.0,2.0,-2.4,-3.3,-0.9,2303.0
18.0,0.0,8.0,1.0,-2.4,-2.4,0.0,5585.0
19.0,1.0,6.0,6.0,-3.3,-3.3,,5615.0
19.0,1.0,6.0,5.0,-3.3,-4.2,-0.9,4703.0
19.0,1.0,6.0,4.0,-2.9,-2.9,0.4,1928.0
19.0,1.0,6.0,3.0,-2.8,-2.8,0.1,4399.0
19.0,1.0,6.0,2.0,-2.8,-3.0,-0.2,1825.0
19.0,0.0,6.0,1.0,-2.8,-2.8,0.0,1897.0
20.0,1.0,8.0,8.0,-2.8,-2.8,,5615.0
20.0,1.0,8.0,7.0,-2.8,-3.6,-0.8,4703.0
20.0,0.0,8.0,6.0,-2.8,-2.8,0.0,1928.0
20.0,1.0,8.0,5.0,-2.8,-3.1,-0.3,4399.0
20.0,0.0,8.0,4.0,-2.8,-2.8,0.0,1825.0
20.0,1.0,8.0,3.0,-2.5,-2.5,0.3,1897.0
20.0,0.0,8.0,2.0,-2.5,-2.5,0.0,2303.0
20.0,0.0,8.0,1.0,-2.5,-2.5,0.0,5585.0
21.0,1.0,7.0,7.0,-3.1,-3.1,,5615.0
21.0,1.0,7.0,6.0,-2.3,-2.3,0.8,4703.0
21.0,1.0,7.0,5.0,-2.3,-2.9,-0.6,1928.0
21.0,0.0,7.0,4.0,-2.3,-2.3,0.0,4399.0
21.0,1.0,7.0,3.0,-2.3,-2.3,0.0,1825.0
21.0,0.0,7.0,2.0,-2.3,-2.3,0.0,1897.0
21.0,0.0,7.0,1.0,-2.3,-2.3,0.0,2303.0
22.0,1.0,9.0,9.0,-2.8,-2.8,,5615.0
22.0,1.0,9.0,8.0,-2.8,-3.0,-0.2,4703.0
22.0,1.0,9.0,7.0,-2.1,-2.1,0.7,1928.0
22.0,0.0,9.0,6.0,-2.1,-2.1,0.0,4399.0
22.0,0.0,9.0,5.0,-2.1,-2.1,0.0,1825.0
22.0,1.0,9.0,4.0,-2.1,-2.7,-0.6,1897.0
22.0,1.0,9.0,3.0,-1.9,-1.9,0.2,2303.0
22.0,0.0,9.0,2.0,-1.9,-1.9,0.0,5585.0
22.0,0.0,9.0,1.0,-1.9,-1.9,0.0,2326.0
23.0,1.0,5.0,5.0,-2.9,-2.9,,5615.0
23.0,1.0,5.0,4.0,-2.9,-3.0,-0.1,4703.0
23.0,1.0,5.0,3.0,-2.9,-3.4,-0.5,1928.0
23.0,0.0,5.0,2.0,-2.9,-2.9,0.0,4399.0
23.0,1.0,5.0,1.0,-2.9,-3.3,-0.4,1825.0
24.0,1.0,7.0,7.0,-3.7,-3.7,,5615.0
24.0,1.0,7.0,6.0,-2.7,-2.7,1.0,4703.0
24.0,1.0,7.0,5.0,-2.7,-3.1,-0.4,1928.0
24.0,1.0,7.0,4.0,-2.0,-2.0,0.7,4399.0
24.0,0.0,7.0,3.0,-2.0,-2.0,0.0,1825.0
24.0,0.0,7.0,2.0,-2.0,-2.0,0.0,1897.0
24.0,0.0,7.0,1.0,-2.0,-2.0,0.0,2303.0
25.0,1.0,10.0,10.0,-3.9,-3.9,,5615.0
25.0,1.0,10.0,9.0,-1.8,-1.8,2.1,4703.0
25.0,0.0,10.0,8.0,-1.8,-1.8,0.0,1928.0
25.0,0.0,10.0,7.0,-1.8,-1.8,0.0,4399.0
25.0,0.0,10.0,6.0,-1.8,-1.8,0.0,1825.0
25.0,0.0,10.0,5.0,-1.8,-1.8,0.0,1897.0
25.0,0.0,10.0,4.0,-1.8,-1.8,0.0,2303.0
25.0,0.0,10.0,3.0,-1.8,-1.8,0.0,5585.0
25.0,0.0,10.0,2.0,-1.8,-1.8,0.0,2326.0
25.0,0.0,10.0,1.0,-1.8,-1.8,0.0,2857.0
26.0,1.0,7.0,7.0,-2.6,-2.6,,5615.0
26.0,1.0,7.0,6.0,-2.6,-3.8,-1.2,4703.0
26.0,1.0,7.0,5.0,-2.6,-2.6,0.0,1928.0
26.0,1.0,7.0,4.0,-2.6,-3.8,-1.2,4399.0
26.0,1.0,7.0,3.0,-2.5,-2.5,0.1,1825.0
26.0,0.0,7.0,2.0,-2.5,-2.5,0.0,1897.0
26.0,0.0,7.0,1.0,-2.5,-2.5,0.0,2303.0
27.0,1.0,9.0,9.0,-3.7,-3.7,,5615.0
27.0,1.0,9.0,8.0,-3.5,-3.5,0.2,4703.0
27.0,1.0,9.0,7.0,-2.2,-2.2,1.3,1928.0
27.0,0.0,9.0,6.0,-2.2,-2.2,0.0,4399.0
27.0,0.0,9.0,5.0,-2.2,-2.2,0.0,1825.0
27.0,0.0,9.0,4.0,-2.2,-2.2,0.0,1897.0
27.0,1.0,9.0,3.0,-2.2,-2.6,-0.4,2303.0
27.0,0.0,9.0,2.0,-2.2,-2.2,0.0,5585.0
27.0,1.0,9.0,1.0,-2.2,-3.1,-0.9,2326.0
28.0,1.0,7.0,7.0,-2.8,-2.8,,5615.0
28.0,1.0,7.0,6.0,-2.8,-3.4,-0.6,4703.0
28.0,1.0,7.0,5.0,-2.8,-3.0,-0.2,1928.0
28.0,1.0,7.0,4.0,-2.8,-3.6,-0.8,4399.0
28.0,0.0,7.0,3.0,-2.8,-2.8,0.0,1825.0
28.0,0.0,7.0,2.0,-2.8,-2.8,0.0,1897.0
28.0,1.0,7.0,1.0,-2.3,-2.3,0.5,2303.0
29.0,1.0,9.0,9.0,-3.3,-3.3,,5615.0
29.0,1.0,9.0,8.0,-2.7,-2.7,0.6,4703.0
29.0,1.0,9.0,7.0,-2.7,-3.0,-0.3,1928.0
29.0,1.0,9.0,6.0,-2.5,-2.5,0.2,4399.0
29.0,0.0,9.0,5.0,-2.5,-2.5,0.0,1825.0
29.0,0.0,9.0,4.0,-2.5,-2.5,0.0,1897.0
29.0,1.0,9.0,3.0,-2.5,-2.8,-0.3,2303.0
29.0,0.0,9.0,2.0,-2.5,-2.5,0.0,5585.0
29.0,1.0,9.0,1.0,-2.5,-2.8,-0.3,2326.0
30.0,1.0,6.0,6.0,-2.4,-2.4,,5615.0
30.0,1.0,6.0,5.0,-2.4,-2.5,-0.1,4703.0
30.0,0.0,6.0,4.0,-2.4,-2.4,0.0,1928.0
30.0,1.0,6.0,3.0,-2.4,-2.8,-0.4,4399.0
30.0,0.0,6.0,2.0,-2.4,-2.4,0.0,1825.0
30.0,1.0,6.0,1.0,-2.4,-3.3,-0.9,1897.0
31.0,1.0,9.0,9.0,-2.7,-2.7,,5615.0
31.0,1.0,9.0,8.0,-2.7,-3.2,-0.5,4703.0
31.0,0.0,9.0,7.0,-2.7,-2.7,0.0,1928.0
31.0,1.0,9.0,6.0,-2.7,-4.3,-1.6,4399.0
31.0,1.0,9.0,5.0,-2.7,-3.3,-0.6,1825.0
31.0,1.0,9.0,4.0,-2.5,-2.5,0.2,1897.0
31.0,0.0,9.0,3.0,-2.5,-2.5,0.0,2303.0
31.0,0.0,9.0,2.0,-2.5,-2.5,0.0,5585.0
31.0,0.0,9.0,1.0,-2.5,-2.5,0.0,2326.0
32.0,1.0,8.0,8.0,-1.9,-1.9,,5615.0
32.0,0.0,8.0,7.0,-1.9,-1.9,0.0,4703.0
32.0,0.0,8.0,6.0,-1.9,-1.9,0.0,1928.0
32.0,0.0,8.0,5.0,-1.9,-1.9,0.0,4399.0
32.0,0.0,8.0,4.0,-1.9,-1.9,0.0,1825.0
32.0,0.0,8.0,3.0,-1.9,-1.9,0.0,1897.0
32.0,0.0,8.0,2.0,-1.9,-1.9,0.0,2303.0
32.0,0.0,8.0,1.0,-1.9,-1.9,0.0,5585.0
33.0,1.0,8.0,8.0,-3.0,-3.0,,5615.0
33.0,1.0,8.0,7.0,-2.8,-2.8,0.2,4703.0
33.0,1.0,8.0,6.0,-2.8,-3.9,-1.1,1928.0
33.0,1.0,8.0,5.0,-2.5,-2.5,0.3,4399.0
33.0,1.0,8.0,4.0,-2.5,-3.7,-1.2,1825.0
33.0,1.0,8.0,3.0,-2.5,-3.2,-0.7,1897.0
33.0,0.0,8.0,2.0,-2.5,-2.5,0.0,2303.0
33.0,0.0,8.0,1.0,-2.5,-2.5,0.0,5585.0
34.0,1.0,7.0,7.0,-1.6,-1.6,,5615.0
34.0,0.0,7.0,6.0,-1.6,-1.6,0.0,4703.0
34.0,0.0,7.0,5.0,-1.6,-1.6,0.0,1928.0
34.0,0.0,7.0,4.0,-1.6,-1.6,0.0,4399.0
34.0,0.0,7.0,3.0,-1.6,-1.6,0.0,1825.0
34.0,0.0,7.0,2.0,-1.6,-1.6,0.0,1897.0
34.0,1.0,7.0,1.0,-1.6,-3.6,-2.0,2303.0
35.0,1.0,10.0,10.0,-3.8,-3.8,,5615.0
35.0,1.0,10.0,9.0,-3.8,-3.8,0.0,4703.0
35.0,1.0,10.0,8.0,-3.3,-3.3,0.5,1928.0
35.0,0.0,10.0,7.0,-3.3,-3.3,0.0,4399.0
35.0,1.0,10.0,6.0,-3.0,-3.0,0.3,1825.0
35.0,1.0,10.0,5.0,-3.0,-3.6,-0.6,1897.0
35.0,1.0,10.0,4.0,-2.9,-2.9,0.1,2303.0
35.0,1.0,10.0,3.0,-2.9,-3.2,-0.3,5585.0
35.0,1.0,10.0,2.0,-1.9,-1.9,1.0,2326.0
35.0,0.0,10.0,1.0,-1.9,-1.9,0.0,2857.0
36.0,1.0,7.0,7.0,-4.0,-4.0,,5615.0
36.0,1.0,7.0,6.0,-3.4,-3.4,0.6,4703.0
36.0,1.0,7.0,5.0,-2.9,-2.9,0.5,1928.0
36.0,1.0,7.0,4.0,-2.7,-2.7,0.2,4399.0
36.0,1.0,7.0,3.0,-2.7,-3.3,-0.6,1825.0
36.0,0.0,7.0,2.0,-2.7,-2.7,0.0,1897.0
36.0,1.0,7.0,1.0,-2.7,-2.8,-0.1,2303.0
37.0,1.0,5.0,5.0,-3.4,-3.4,,5615.0
37.0,1.0,5.0,4.0,-2.3,-2.3,1.1,4703.0
37.0,0.0,5.0,3.0,-2.3,-2.3,0.0,1928.0
37.0,0.0,5.0,2.0,-2.3,-2.3,0.0,4399.0
37.0,1.0,5.0,1.0,-2.3,-4.0,-1.7,1825.0
38.0,1.0,5.0,5.0,-2.6,-2.6,,5615.0
38.0,1.0,5.0,4.0,-2.6,-2.6,0.0,4703.0
38.0,1.0,5.0,3.0,-2.3,-2.3,0.3,1928.0
38.0,0.0,5.0,2.0,-2.3,-2.3,0.0,4399.0
38.0,1.0,5.0,1.0,-2.3,-3.6,-1.3,1825.0
39.0,1.0,8.0,8.0,-3.2,-3.2,,5615.0
39.0,1.0,8.0,7.0,-2.8,-2.8,0.4,4703.0
39.0,1.0,8.0,6.0,-2.8,-4.3,-1.5,1928.0
39.0,1.0,8.0,5.0,-2.2,-2.2,0.6,4399.0
39.0,0.0,8.0,4.0,-2.2,-2.2,0.0,1825.0
39.0,0.0,8.0,3.0,-2.2,-2.2,0.0,1897.0
39.0,0.0,8.0,2.0,-2.2,-2.2,0.0,2303.0
39.0,1.0,8.0,1.0,-1.9,-1.9,0.3,5585.0
40.0,1.0,9.0,9.0,-2.2,-2.2,,5615.0
40.0,0.0,9.0,8.0,-2.2,-2.2,0.0,4703.0
40.0,0.0,9.0,7.0,-2.2,-2.2,0.0,1928.0
40.0,0.0,9.0,6.0,-2.2,-2.2,0.0,4399.0
40.0,0.0,9.0,5.0,-2.2,-2.2,0.0,1825.0
40.0,1.0,9.0,4.0,-2.2,-4.4,-2.2,1897.0
40.0,0.0,9.0,3.0,-2.2,-2.2,0.0,2303.0
40.0,1.0,9.0,2.0,-2.2,-3.6,-1.4,5585.0
40.0,0.0,9.0,1.0,-2.2,-2.2,0.0,2326.0
41.0,1.0,9.0,9.0,-3.5,-3.5,,5615.0
41.0,1.0,9.0,8.0,-2.4,-2.4,1.1,4703.0
41.0,0.0,9.0,7.0,-2.4,-2.4,0.0,1928.0
41.0,0.0,9.0,6.0,-2.4,-2.4,0.0,4399.0
41.0,0.0,9.0,5.0,-2.4,-2.4,0.0,1825.0
41.0,1.0,9.0,4.0,-1.9,-1.9,0.5,1897.0
41.0,0.0,9.0,3.0,-1.9,-1.9,0.0,2303.0
41.0,0.0,9.0,2.0,-1.9,-1.9,0.0,5585.0
41.0,0.0,9.0,1.0,-1.9,-1.9,0.0,2326.0
42.0,1.0,9.0,9.0,-3.5,-3.5,,5615.0
42.0,1.0,9.0,8.0,-3.3,-3.3,0.2,4703.0
42.0,1.0,9.0,7.0,-2.4,-2.4,0.9,1928.0
42.0,0.0,9.0,6.0,-2.4,-2.4,0.0,4399.0
42.0,0.0,9.0,5.0,-2.4,-2.4,0.0,1825.0
42.0,1.0,9.0,4.0,-2.4,-2.5,-0.1,1897.0
42.0,0.0,9.0,3.0,-2.4,-2.4,0.0,2303.0
42.0,1.0,9.0,2.0,-2.4,-3.1,-0.7,5585.0
42.0,0.0,9.0,1.0,-2.4,-2.4,0.0,2326.0
43.0,1.0,5.0,5.0,-2.0,-2.0,,5615.0
43.0,0.0,5.0,4.0,-2.0,-2.0,0.0,4703.0
43.0,0.0,5.0,3.0,-2.0,-2.0,0.0,1928.0
43.0,1.0,5.0,2.0,-2.0,-2.9,-0.9,4399.0
43.0,0.0,5.0,1.0,-2.0,-2.0,0.0,1825.0
44.0,1.0,7.0,7.0,-2.3,-2.3,,5615.0
44.0,1.0,7.0,6.0,-2.3,-3.4,-1.1,4703.0
44.0,0.0,7.0,5.0,-2.3,-2.3,0.0,1928.0
44.0,0.0,7.0,4.0,-2.3,-2.3,0.0,4399.0
44.0,1.0,7.0,3.0,-2.3,-4.4,-2.1,1825.0
44.0,0.0,7.0,2.0,-2.3,-2.3,0.0,1897.0
44.0,0.0,7.0,1.0,-2.3,-2.3,0.0,2303.0
45.0,1.0,9.0,9.0,-2.0,-2.0,,5615.0
45.0,0.0,9.0,8.0,-2.0,-2.0,0.0,4703.0
45.0,0.0,9.0,7.0,-2.0,-2.0,0.0,1928.0
45.0,0.0,9.0,6.0,-2.0,-2.0,0.0,4399.0
45.0,0.0,9.0,5.0,-2.0,-2.0,0.0,1825.0
45.0,0.0,9.0,4.0,-2.0,-2.0,0.0,1897.0
45.0,1.0,9.0,3.0,-2.0,-3.0,-1.0,2303.0
45.0,0.0,9.0,2.0,-2.0,-2.0,0.0,5585.0
45.0,1.0,9.0,1.0,-2.0,-2.9,-0.9,2326.0
46.0,1.0,10.0,10.0,-3.7,-3.7,,5615.0
46.0,1.0,10.0,9.0,-3.5,-3.5,0.2,4703.0
46.0,1.0,10.0,8.0,-2.0,-2.0,1.5,1928.0
46.0,0.0,10.0,7.0,-2.0,-2.0,0.0,4399.0
46.0,0.0,10.0,6.0,-2.0,-2.0,0.0,1825.0
46.0,0.0,10.0,5.0,-2.0,-2.0,0.0,1897.0
46.0,0.0,10.0,4.0,-2.0,-2.0,0.0,2303.0
46.0,0.0,10.0,3.0,-2.0,-2.0,0.0,5585.0
46.0,1.0,10.0,2.0,-2.0,-4.2,-2.2,2326.0
46.0,1.0,10.0,1.0,-1.8,-1.8,0.2,2857.0
47.0,1.0,6.0,6.0,-2.8,-2.8,,5615.0
47.0,1.0,6.0,5.0,-2.7,-2.7,0.1,4703.0
47.0,1.0,6.0,4.0,-2.6,-2.6,0.1,1928.0
47.0,0.0,6.0,3.0,-2.6,-2.6,0.0,4399.0
47.0,0.0,6.0,2.0,-2.6,-2.6,0.0,1825.0
47.0,1.0,6.0,1.0,-2.6,-3.3,-0.7,1897.0
48.0,1.0,5.0,5.0,-2.5,-2.5,,5615.0
48.0,1.0,5.0,4.0,-2.5,-2.7,-0.2,4703.0
48.0,0.0,5.0,3.0,-2.5,-2.5,0.0,1928.0
48.0,0.0,5.0,2.0,-2.5,-2.5,0.0,4399.0
48.0,1.0,5.0,1.0,-2.5,-2.5,0.0,1825.0
49.0,1.0,7.0,7.0,-2.9,-2.9,,5615.0
49.0,1.0,7.0,6.0,-2.9,-3.2,-0.3,4703.0
49.0,1.0,7.0,5.0,-2.8,-2.8,0.1,1928.0
49.0,1.0,7.0,4.0,-2.8,-3.4,-0.6,4399.0
49.0,1.0,7.0,3.0,-2.8,-3.7,-0.9,1825.0
49.0,0.0,7.0,2.0,-2.8,-2.8,0.0,1897.0
49.0,0.0,7.0,1.0,-2.8,-2.8,0.0,2303.0
50.0,1.0,10.0,10.0,-2.7,-2.7,,5615.0
50.0,1.0,10.0,9.0,-2.7,-4.0,-1.3,4703.0
50.0,1.0,10.0,8.0,-2.7,-3.6,-0.9,1928.0
50.0,1.0,10.0,7.0,-2.7,-2.9,-0.2,4399.0
50.0,1.0,10.0,6.0,-2.7,-2.9,-0.2,1825.0
50.0,1.0,10.0,5.0,-2.7,-3.2,-0.5,1897.0
50.0,0.0,10.0,4.0,-2.7,-2.7,0.0,2303.0
50.0,0.0,10.0,3.0,-2.7,-2.7,0.0,5585.0
50.0,0.0,10.0,2.0,-2.7,-2.7,0.0,2326.0
50.0,1.0,10.0,1.0,-2.5,-2.5,0.2,2857.0
51.0,1.0,9.0,9.0,-2.5,-2.5,,5615.0
51.0,0.0,9.0,8.0,-2.5,-2.5,0.0,4703.0
51.0,0.0,9.0,7.0,-2.5,-2.5,0.0,1928.0
51.0,1.0,9.0,6.0,-2.5,-3.0,-0.5,4399.0
51.0,0.0,9.0,5.0,-2.5,-2.5,0.0,1825.0
51.0,1.0,9.0,4.0,-2.5,-2.8,-0.3,1897.0
51.0,0.0,9.0,3.0,-2.5,-2.5,0.0,2303.0
51.0,1.0,9.0,2.0,-2.5,-3.7,-1.2,5585.0
51.0,0.0,9.0,1.0,-2.5,-2.5,0.0,2326.0
52.0,1.0,6.0,6.0,-2.8,-2.8,,5615.0
52.0,1.0,6.0,5.0,-2.8,-3.0,-0.2,4703.0
52.0,1.0,6.0,4.0,-2.3,-2.3,0.5,1928.0
52.0,0.0,6.0,3.0,-2.3,-2.3,0.0,4399.0
52.0,0.0,6.0,2.0,-2.3,-2.3,0.0,1825.0
52.0,1.0,6.0,1.0,-2.3,-2.5,-0.2,1897.0
53.0,1.0,10.0,10.0,-3.1,-3.1,,5615.0
53.0,1.0,10.0,9.0,-2.6,-2.6,0.5,4703.0
53.0,0.0,10.0,8.0,-2.6,-2.6,0.0,1928.0
53.0,0.0,10.0,7.0,-2.6,-2.6,0.0,4399.0
53.0,1.0,10.0,6.0,-1.9,-1.9,0.7,1825.0
53.0,0.0,10.0,5.0,-1.9,-1.9,0.0,1897.0
53.0,0.0,10.0,4.0,-1.9,-1.9,0.0,2303.0
53.0,0.0,10.0,3.0,-1.9,-1.9,0.0,5585.0
53.0,0.0,10.0,2.0,-1.9,-1.9,0.0,2326.0
53.0,0.0,10.0,1.0,-1.9,-1.9,0.0,2857.0
54.0,1.0,6.0,6.0,-3.3,-3.3,,5615.0
54.0,1.0,6.0,5.0,-2.8,-2.8,0.5,4703.0
54.0,1.0,6.0,4.0,-2.8,-3.1,-0.3,1928.0
54.0,1.0,6.0,3.0,-2.8,-2.8,0.0,4399.0
54.0,0.0,6.0,2.0,-2.8,-2.8,0.0,1825.0
54.0,1.0,6.0,1.0,-2.6,-2.6,0.2,1897.0
55.0,1.0,7.0,7.0,-3.0,-3.0,,5615.0
55.0,1.0,7.0,6.0,-3.0,-3.5,-0.5,4703.0
55.0,1.0,7.0,5.0,-3.0,-3.8,-0.8,1928.0
55.0,1.0,7.0,4.0,-2.7,-2.7,0.3,4399.0
55.0,0.0,7.0,3.0,-2.7,-2.7,0.0,1825.0
55.0,0.0,7.0,2.0,-2.7,-2.7,0.0,1897.0
55.0,1.0,7.0,1.0,-2.3,-2.3,0.4,2303.0
56.0,1.0,6.0,6.0,-3.2,-3.2,,5615.0
56.0,1.0,6.0,5.0,-2.7,-2.7,0.5,4703.0
56.0,1.0,6.0,4.0,-2.7,-2.9,-0.2,1928.0
56.0,1.0,6.0,3.0,-2.7,-3.9,-1.2,4399.0
56.0,1.0,6.0,2.0,-2.7,-3.3,-0.6,1825.0
56.0,0.0,6.0,1.0,-2.7,-2.7,0.0,1897.0
57.0,1.0,9.0,9.0,-2.7,-2.7,,5615.0
57.0,1.0,9.0,8.0,-2.7,-2.8,-0.1,4703.0
57.0,1.0,9.0,7.0,-2.7,-3.4,-0.7,1928.0
57.0,1.0,9.0,6.0,-2.7,-3.7,-1.0,4399.0
57.0,1.0,9.0,5.0,-2.1,-2.1,0.6,1825.0
57.0,0.0,9.0,4.0,-2.1,-2.1,0.0,1897.0
57.0,0.0,9.0,3.0,-2.1,-2.1,0.0,2303.0
57.0,0.0,9.0,2.0,-2.1,-2.1,0.0,5585.0
57.0,0.0,9.0,1.0,-2.1,-2.1,0.0,2326.0
58.0,1.0,7.0,7.0,-3.7,-3.7,,5615.0
58.0,1.0,7.0,6.0,-3.7,-4.2,-0.5,4703.0
58.0,1.0,7.0,5.0,-3.4,-3.4,0.3,1928.0
58.0,1.0,7.0,4.0,-2.6,-2.6,0.8,4399.0
58.0,0.0,7.0,3.0,-2.6,-2.6,0.0,1825.0
58.0,0.0,7.0,2.0,-2.6,-2.6,0.0,1897.0
58.0,1.0,7.0,1.0,-2.6,-3.0,-0.4,2303.0
59.0,1.0,9.0,9.0,-2.4,-2.4,,5615.0
59.0,0.0,9.0,8.0,-2.4,-2.4,0.0,4703.0
59.0,0.0,9.0,7.0,-2.4,-2.4,0.0,1928.0
59.0,1.0,9.0,6.0,-2.4,-3.4,-1.0,4399.0
59.0,0.0,9.0,5.0,-2.4,-2.4,0.0,1825.0
59.0,1.0,9.0,4.0,-2.3,-2.3,0.1,1897.0
59.0,0.0,9.0,3.0,-2.3,-2.3,0.0,2303.0
59.0,1.0,9.0,2.0,-1.7000000000000002,-1.7000000000000002,0.6,5585.0
59.0,0.0,9.0,1.0,-1.7000000000000002,-1.7000000000000002,0.0,2326.0
60.0,1.0,6.0,6.0,-2.4,-2.4,,5615.0
60.0,0.0,6.0,5.0,-2.4,-2.4,0.0,4703.0
60.0,1.0,6.0,4.0,-2.4,-3.1,-0.7,1928.0
60.0,0.0,6.0,3.0,-2.4,-2.4,0.0,4399.0
60.0,1.0,6.0,2.0,-2.4,-2.7,-0.3,1825.0
60.0,0.0,6.0,1.0,-2.4,-2.4,0.0,1897.0
61.0,1.0,10.0,10.0,-2.5,-2.5,,5615.0
61.0,1.0,10.0,9.0,-2.5,-2.8,-0.3,4703.0
61.0,0.0,10.0,8.0,-2.5,-2.5,0.0,1928.0
61.0,0.0,10.0,7.0,-2.5,-2.5,0.0,4399.0
61.0,1.0,10.0,6.0,-2.5,-2.7,-0.2,1825.0
61.0,0.0,10.0,5.0,-2.5,-2.5,0.0,1897.0
61.0,1.0,10.0,4.0,-2.5,-2.9,-0.4,2303.0
61.0,0.0,10.0,3.0,-2.5,-2.5,0.0,5585.0
61.0,1.0,10.0,2.0,-2.5,-3.4,-0.9,2326.0
61.0,0.0,10.0,1.0,-2.5,-2.5,0.0,2857.0
62.0,1.0,10.0,10.0,-3.2,-3.2,,5615.0
62.0,1.0,10.0,9.0,-2.8,-2.8,0.4,4703.0
62.0,0.0,10.0,8.0,-2.8,-2.8,0.0,1928.0
62.0,0.0,10.0,7.0,-2.8,-2.8,0.0,4399.0
62.0,1.0,10.0,6.0,-2.8,-3.0,-0.2,1825.0
62.0,1.0,10.0,5.0,-2.8,-3.1,-0.3,1897.0
62.0,1.0,10.0,4.0,-2.8,-3.5,-0.7,2303.0
62.0,1.0,10.0,3.0,-2.5,-2.5,0.3,5585.0
62.0,0.0,10.0,2.0,-2.5,-2.5,0.0,2326.0
62.0,0.0,10.0,1.0,-2.5,-2.5,0.0,2857.0
63.0,1.0,8.0,8.0,-3.6,-3.6,,5615.0
63.0,1.0,8.0,7.0,-1.1,-1.1,2.5,4703.0
63.0,0.0,8.0,6.0,-1.1,-1.1,0.0,1928.0
63.0,0.0,8.0,5.0,-1.1,-1.1,0.0,4399.0
63.0,0.0,8.0,4.0,-1.1,-1.1,0.0,1825.0
63.0,0.0,8.0,3.0,-1.1,-1.1,0.0,1897.0
63.0,0.0,8.0,2.0,-1.1,-1.1,0.0,2303.0
63.0,0.0,8.0,1.0,-1.1,-1.1,0.0,5585.0
64.0,1.0,5.0,5.0,-3.3,-3.3,,5615.0
64.0,1.0,5.0,4.0,-3.3,-3.6,-0.3,4703.0
64.0,1.0,5.0,3.0,-2.7,-2.7,0.6,1928.0
64.0,0.0,5.0,2.0,-2.7,-2.7,0.0,4399.0
64.0,1.0,5.0,1.0,-2.7,-3.0,-0.3,1825.0
65.0,1.0,8.0,8.0,-3.5,-3.5,,5615.0
65.0,1.0,8.0,7.0,-3.5,-3.8,-0.3,4703.0
65.0,1.0,8.0,6.0,-3.5,-4.2,-0.7,1928.0
65.0,1.0,8.0,5.0,-3.5,-4.0,-0.5,4399.0
65.0,1.0,8.0,4.0,-3.4,-3.4,0.1,1825.0
65.0,0.0,8.0,3.0,-3.4,-3.4,0.0,1897.0
65.0,1.0,8.0,2.0,-3.4,-3.4,0.0,2303.0
65.0,1.0,8.0,1.0,-3.4,-3.5,-0.1,5585.0
66.0,1.0,9.0,9.0,-3.1,-3.1,,5615.0
66.0,1.0,9.0,8.0,-2.4,-2.4,0.7,4703.0
66.0,0.0,9.0,7.0,-2.4,-2.4,0.0,1928.0
66.0,0.0,9.0,6.0,-2.4,-2.4,0.0,4399.0
66.0,0.0,9.0,5.0,-2.4,-2.4,0.0,1825.0
66.0,1.0,9.0,4.0,-2.4,-3.6,-1.2,1897.0
66.0,0.0,9.0,3.0,-2.4,-2.4,0.0,2303.0
66.0,1.0,9.0,2.0,-2.4,-3.5,-1.1,5585.0
66.0,1.0,9.0,1.0,-2.4,-2.8,-0.4,2326.0
67.0,1.0,5.0,5.0,-2.2,-2.2,,5615.0
67.0,0.0,5.0,4.0,-2.2,-2.2,0.0,4703.0
67.0,0.0,5.0,3.0,-2.2,-2.2,0.0,1928.0
67.0,0.0,5.0,2.0,-2.2,-2.2,0.0,4399.0
67.0,1.0,5.0,1.0,-2.2,-3.6,-1.4,1825.0
68.0,1.0,8.0,8.0,-2.8,-2.8,,5615.0
68.0,1.0,8.0,7.0,-2.8,-3.1,-0.3,4703.0
68.0,1.0,8.0,6.0,-2.2,-2.2,0.6,1928.0
68.0,0.0,8.0,5.0,-2.2,-2.2,0.0,4399.0
68.0,0.0,8.0,4.0,-2.2,-2.2,0.0,1825.0
68.0,0.0,8.0,3.0,-2.2,-2.2,0.0,1897.0
68.0,0.0,8.0,2.0,-2.2,-2.2,0.0,2303.0
68.0,1.0,8.0,1.0,-2.2,-2.3,-0.1,5585.0
69.0,1.0,6.0,6.0,-1.6,-1.6,,5615.0
69.0,0.0,6.0,5.0,-1.6,-1.6,0.0,4703.0
69.0,0.0,6.0,4.0,-1.6,-1.6,0.0,1928.0
69.0,0.0,6.0,3.0,-1.6,-1.6,0.0,4399.0
69.0,0.0,6.0,2.0,-1.6,-1.6,0.0,1825.0
69.0,0.0,6.0,1.0,-1.6,-1.6,0.0,1897.0
70.0,1.0,7.0,7.0,-3.1,-3.1,,5615.0
70.0,1.0,7.0,6.0,-3.1,-4.2,-1.1,4703.0
70.0,1.0,7.0,5.0,-3.1,-3.9,-0.8,1928.0
70.0,1.0,7.0,4.0,-2.0,-2.0,1.1,4399.0
70.0,0.0,7.0,3.0,-2.0,-2.0,0.0,1825.0
70.0,0.0,7.0,2.0,-2.0,-2.0,0.0,1897.0
70.0,0.0,7.0,1.0,-2.0,-2.0,0.0,2303.0
71.0,1.0,9.0,9.0,-3.9,-3.9,,5615.0
71.0,1.0,9.0,8.0,-3.3,-3.3,0.6,4703.0
71.0,1.0,9.0,7.0,-3.3,-3.5,-0.2,1928.0
71.0,1.0,9.0,6.0,-2.6,-2.6,0.7,4399.0
71.0,0.0,9.0,5.0,-2.6,-2.6,0.0,1825.0
71.0,0.0,9.0,4.0,-2.6,-2.6,0.0,1897.0
71.0,0.0,9.0,3.0,-2.6,-2.6,0.0,2303.0
71.0,1.0,9.0,2.0,-2.2,-2.2,0.4,5585.0
71.0,0.0,9.0,1.0,-2.2,-2.2,0.0,2326.0
72.0,1.0,6.0,6.0,-2.4,-2.4,,5615.0
72.0,0.0,6.0,5.0,-2.4,-2.4,0.0,4703.0
72.0,0.0,6.0,4.0,-2.4,-2.4,0.0,1928.0
72.0,1.0,6.0,3.0,-2.4,-2.4,0.0,4399.0
72.0,1.0,6.0,2.0,-2.4,-2.8,-0.4,1825.0
72.0,0.0,6.0,1.0,-2.4,-2.4,0.0,1897.0
73.0,1.0,10.0,10.0,-3.2,-3.2,,5615.0
73.0,1.0,10.0,9.0,-3.2,-3.4,-0.2,4703.0
73.0,1.0,10.0,8.0,-2.1,-2.1,1.1,1928.0
73.0,0.0,10.0,7.0,-2.1,-2.1,0.0,4399.0
73.0,0.0,10.0,6.0,-2.1,-2.1,0.0,1825.0
73.0,0.0,10.0,5.0,-2.1,-2.1,0.0,1897.0
73.0,0.0,10.0,4.0,-2.1,-2.1,0.0,2303.0
73.0,1.0,10.0,3.0,-2.1,-3.2,-1.1,5585.0
73.0,0.0,10.0,2.0,-2.1,-2.1,0.0,2326.0
73.0,1.0,10.0,1.0,-2.1,-3.2,-1.1,2857.0
74.0,1.0,8.0,8.0,-2.8,-2.8,,5615.0
74.0,1.0,8.0,7.0,-2.6,-2.6,0.2,4703.0
74.0,1.0,8.0,6.0,-2.6,-3.2,-0.6,1928.0
74.0,0.0,8.0,5.0,-2.6,-2.6,0.0,4399.0
74.0,1.0,8.0,4.0,-2.6,-3.2,-0.6,1825.0
74.0,0.0,8.0,3.0,-2.6,-2.6,0.0,1897.0
74.0,0.0,8.0,2.0,-2.6,-2.6,0.0,2303.0
74.0,1.0,8.0,1.0,-2.2,-2.2,0.4,5585.0
75.0,1.0,8.0,8.0,-2.3,-2.3,,5615.0
75.0,0.0,8.0,7.0,-2.3,-2.3,0.0,4703.0
75.0,0.0,8.0,6.0,-2.3,-2.3,0.0,1928.0
75.0,0.0,8.0,5.0,-2.3,-2.3,0.0,4399.0
75.0,0.0,8.0,4.0,-2.3,-2.3,0.0,1825.0
75.0,1.0,8.0,3.0,-2.3,-2.3,0.0,1897.0
75.0,0.0,8.0,2.0,-2.3,-2.3,0.0,2303.0
75.0,1.0,8.0,1.0,-2.3,-4.4,-2.1,5585.0
76.0,1.0,10.0,10.0,-2.3,-2.3,,5615.0
76.0,0.0,10.0,9.0,-2.3,-2.3,0.0,4703.0
76.0,0.0,10.0,8.0,-2.3,-2.3,0.0,1928.0
76.0,0.0,10.0,7.0,-2.3,-2.3,0.0,4399.0
76.0,0.0,10.0,6.0,-2.3,-2.3,0.0,1825.0
76.0,0.0,10.0,5.0,-2.3,-2.3,0.0,1897.0
76.0,0.0,10.0,4.0,-2.3,-2.3,0.0,2303.0
76.0,1.0,10.0,3.0,-2.3,-2.7,-0.4,5585.0
76.0,0.0,10.0,2.0,-2.3,-2.3,0.0,2326.0
76.0,1.0,10.0,1.0,-2.3,-3.9,-1.6,2857.0
77.0,1.0,10.0,10.0,-3.1,-3.1,,5615.0
77.0,1.0,10.0,9.0,-1.8,-1.8,1.3,4703.0
77.0,0.0,10.0,8.0,-1.8,-1.8,0.0,1928.0
77.0,0.0,10.0,7.0,-1.8,-1.8,0.0,4399.0
77.0,0.0,10.0,6.0,-1.8,-1.8,0.0,1825.0
77.0,0.0,10.0,5.0,-1.8,-1.8,0.0,1897.0
77.0,0.0,10.0,4.0,-1.8,-1.8,0.0,2303.0
77.0,0.0,10.0,3.0,-1.8,-1.8,0.0,5585.0
77.0,0.0,10.0,2.0,-1.8,-1.8,0.0,2326.0
77.0,1.0,10.0,1.0,-1.8,-2.4,-0.6,2857.0
78.0,1.0,7.0,7.0,-3.1,-3.1,,5615.0
78.0,1.0,7.0,6.0,-3.1,-3.6,-0.5,4703.0
78.0,1.0,7.0,5.0,-2.9,-2.9,0.2,1928.0
78.0,1.0,7.0,4.0,-2.9,-3.3,-0.4,4399.0
78.0,1.0,7.0,3.0,-2.9,-3.4,-0.5,1825.0
78.0,0.0,7.0,2.0,-2.9,-2.9,0.0,1897.0
78.0,1.0,7.0,1.0,-2.5,-2.5,0.4,2303.0
79.0,1.0,8.0,8.0,-3.0,-3.0,,5615.0
79.0,1.0,8.0,7.0,-3.0,-4.2,-1.2,4703.0
79.0,1.0,8.0,6.0,-2.8,-2.8,0.2,1928.0
79.0,1.0,8.0,5.0,-2.5,-2.5,0.3,4399.0
79.0,0.0,8.0,4.0,-2.5,-2.5,0.0,1825.0
79.0,1.0,8.0,3.0,-2.5,-4.0,-1.5,1897.0
79.0,1.0,8.0,2.0,-2.0,-2.0,0.5,2303.0
79.0,0.0,8.0,1.0,-2.0,-2.0,0.0,5585.0
80.0,1.0,8.0,8.0,-2.7,-2.7,,5615.0
80.0,1.0,8.0,7.0,-2.7,-2.8,-0.1,4703.0
80.0,1.0,8.0,6.0,-2.5,-2.5,0.2,1928.0
80.0,0.0,8.0,5.0,-2.5,-2.5,0.0,4399.0
80.0,0.0,8.0,4.0,-2.5,-2.5,0.0,1825.0
80.0,0.0,8.0,3.0,-2.5,-2.5,0.0,1897.0
80.0,1.0,8.0,2.0,-2.5,-2.5,0.0,2303.0
80.0,0.0,8.0,1.0,-2.5,-2.5,0.0,5585.0
81.0,1.0,9.0,9.0,-3.2,-3.2,,5615.0
81.0,1.0,9.0,8.0,-3.2,-3.5,-0.3,4703.0
81.0,1.0,9.0,7.0,-3.2,-3.4,-0.2,1928.0
81.0,1.0,9.0,6.0,-2.6,-2.6,0.6,4399.0
81.0,1.0,9.0,5.0,-2.6,-2.8,-0.2,1825.0
81.0,0.0,9.0,4.0,-2.6,-2.6,0.0,1897.0
81.0,0.0,9.0,3.0,-2.6,-2.6,0.0,2303.0
81.0,0.0,9.0,2.0,-2.6,-2.6,0.0,5585.0
81.0,1.0,9.0,1.0,-2.6,-3.0,-0.4,2326.0
82.0,1.0,9.0,9.0,-3.5,-3.5,,5615.0
82.0,1.0,9.0,8.0,-2.7,-2.7,0.8,4703.0
82.0,1.0,9.0,7.0,-2.7,-3.4,-0.7,1928.0
82.0,1.0,9.0,6.0,-1.7000000000000002,-1.7000000000000002,1.0,4399.0
82.0,0.0,9.0,5.0,-1.7000000000000002,-1.7000000000000002,0.0,1825.0
82.0,0.0,9.0,4.0,-1.7000000000000002,-1.7000000000000002,0.0,1897.0
82.0,0.0,9.0,3.0,-1.7000000000000002,-1.7000000000000002,0.0,2303.0
82.0,0.0,9.0,2.0,-1.7000000000000002,-1.7000000000000002,0.0,5585.0
82.0,0.0,9.0,1.0,-1.7000000000000002,-1.7000000000000002,0.0,2326.0
83.0,1.0,5.0,5.0,-3.7,-3.7,,5615.0
83.0,1.0,5.0,4.0,-2.9,-2.9,0.8,4703.0
83.0,1.0,5.0,3.0,-2.9,-3.5,-0.6,1928.0
83.0,1.0,5.0,2.0,-2.9,-4.0,-1.1,4399.0
83.0,0.0,5.0,1.0,-2.9,-2.9,0.0,1825.0
84.0,1.0,8.0,8.0,-2.7,-2.7,,5615.0
84.0,1.0,8.0,7.0,-2.7,-2.7,0.0,4703.0
84.0,0.0,8.0,6.0,-2.7,-2.7,0.0,1928.0
84.0,0.0,8.0,5.0,-2.7,-2.7,0.0,4399.0
84.0,1.0,8.0,4.0,-2.7,-3.5,-0.8,1825.0
84.0,0.0,8.0,3.0,-2.7,-2.7,0.0,1897.0
84.0,1.0,8.0,2.0,-2.7,-3.3,-0.6,2303.0
84.0,1.0,8.0,1.0,-2.7,-3.4,-0.7,5585.0
85.0,1.0,7.0,7.0,-4.1,-4.1,,5615.0
85.0,1.0,7.0,6.0,-4.1,-4.4,-0.3,4703.0
85.0,1.0,7.0,5.0,-2.0,-2.0,2.1,1928.0
85.0,0.0,7.0,4.0,-2.0,-2.0,0.0,4399.0
85.0,0.0,7.0,3.0,-2.0,-2.0,0.0,1825.0
85.0,0.0,7.0,2.0,-2.0,-2.0,0.0,1897.0
85.0,0.0,7.0,1.0,-2.0,-2.0,0.0,2303.0
86.0,1.0,9.0,9.0,-1.8,-1.8,,5615.0
86.0,0.0,9.0,8.0,-1.8,-1.8,0.0,4703.0
86.0,0.0,9.0,7.0,-1.8,-1.8,0.0,1928.0
86.0,0.0,9.0,6.0,-1.8,-1.8,0.0,4399.0
86.0,0.0,9.0,5.0,-1.8,-1.8,0.0,1825.0
86.0,0.0,9.0,4.0,-1.8,-1.8,0.0,1897.0
86.0,0.0,9.0,3.0,-1.8,-1.8,0.0,2303.0
86.0,0.0,9.0,2.0,-1.8,-1.8,0.0,5585.0
86.0,0.0,9.0,1.0,-1.8,-1.8,0.0,2326.0
87.0,1.0,8.0,8.0,-3.1,-3.1,,5615.0
87.0,1.0,8.0,7.0,-3.1,-3.2,-0.1,4703.0
87.0,1.0,8.0,6.0,-2.5,-2.5,0.6,1928.0
87.0,1.0,8.0,5.0,-2.5,-3.2,-0.7,4399.0
87.0,1.0,8.0,4.0,-2.5,-3.7,-1.2,1825.0
87.0,0.0,8.0,3.0,-2.5,-2.5,0.0,1897.0
87.0,0.0,8.0,2.0,-2.5,-2.5,0.0,2303.0
87.0,0.0,8.0,1.0,-2.5,-2.5,0.0,5585.0
88.0,1.0,5.0,5.0,-3.5,-3.5,,5615.0
88.0,1.0,5.0,4.0,-2.9,-2.9,0.6,4703.0
88.0,0.0,5.0,3.0,-2.9,-2.9,0.0,1928.0
88.0,1.0,5.0,2.0,-2.7,-2.7,0.2,4399.0
88.0,0.0,5.0,1.0,-2.7,-2.7,0.0,1825.0
89.0,1.0,10.0,10.0,-2.6,-2.6,,5615.0
89.0,0.0,10.0,9.0,-2.6,-2.6,0.0,4703.0
89.0,0.0,10.0,8.0,-2.6,-2.6,0.0,1928.0
89.0,0.0,10.0,7.0,-2.6,-2.6,0.0,4399.0
89.0,1.0,10.0,6.0,-2.6,-3.7,-1.1,1825.0
89.0,0.0,10.0,5.0,-2.6,-2.6,0.0,1897.0
89.0,1.0,10.0,4.0,-1.6,-1.6,1.0,2303.0
89.0,0.0,10.0,3.0,-1.6,-1.6,0.0,5585.0
89.0,0.0,10.0,2.0,-1.6,-1.6,0.0,2326.0
89.0,0.0,10.0,1.0,-1.6,-1.6,0.0,2857.0
90.0,1.0,6.0,6.0,-2.4,-2.4,,5615.0
90.0,0.0,6.0,5.0,-2.4,-2.4,0.0,4703.0
90.0,0.0,6.0,4.0,-2.4,-2.4,0.0,1928.0
90.0,1.0,6.0,3.0,-2.4,-3.0,-0.6,4399.0
90.0,0.0,6.0,2.0,-2.4,-2.4,0.0,1825.0
90.0,1.0,6.0,1.0,-2.4,-2.5,-0.1,1897.0
91.0,1.0,5.0,5.0,-2.8,-2.8,,5615.0
91.0,1.0,5.0,4.0,-2.8,-3.6,-0.8,4703.0
91.0,1.0,5.0,3.0,-2.1,-2.1,0.7,1928.0
91.0,0.0,5.0,2.0,-2.1,-2.1,0.0,4399.0
91.0,0.0,5.0,1.0,-2.1,-2.1,0.0,1825.0
92.0,1.0,6.0,6.0,-1.8,-1.8,,5615.0
92.0,0.0,6.0,5.0,-1.8,-1.8,0.0,4703.0
92.0,0.0,6.0,4.0,-1.8,-1.8,0.0,1928.0
92.0,0.0,6.0,3.0,-1.8,-1.8,0.0,4399.0
92.0,0.0,6.0,2.0,-1.8,-1.8,0.0,1825.0
92.0,0.0,6.0,1.0,-1.8,-1.8,0.0,1897.0
93.0,1.0,7.0,7.0,-2.3,-2.3,,5615.0
93.0,0.0,7.0,6.0,-2.3,-2.3,0.0,4703.0
93.0,0.0,7.0,5.0,-2.3,-2.3,0.0,1928.0
93.0,1.0,7.0,4.0,-2.3,-3.1,-0.8,4399.0
93.0,0.0,7.0,3.0,-2.3,-2.3,0.0,1825.0
93.0,1.0,7.0,2.0,-2.3,-3.0,-0.7,1897.0
93.0,0.0,7.0,1.0,-2.3,-2.3,0.0,2303.0
94.0,1.0,10.0,10.0,-2.2,-2.2,,5615.0
94.0,0.0,10.0,9.0,-2.2,-2.2,0.0,4703.0
94.0,0.0,10.0,8.0,-2.2,-2.2,0.0,1928.0
94.0,0.0,10.0,7.0,-2.2,-2.2,0.0,4399.0
94.0,0.0,10.0,6.0,-2.2,-2.2,0.0,1825.0
94.0,0.0,10.0,5.0,-2.2,-2.2,0.0,1897.0
94.0,0.0,10.0,4.0,-2.2,-2.2,0.0,2303.0
94.0,1.0,10.0,3.0,-2.2,-3.7,-1.5,5585.0
94.0,0.0,10.0,2.0,-2.2,-2.2,0.0,2326.0
94.0,1.0,10.0,1.0,-2.2,-2.5,-0.3,2857.0
95.0,1.0,10.0,10.0,-3.9,-3.9,,5615.0
95.0,1.0,10.0,9.0,-3.3,-3.3,0.6,4703.0
95.0,1.0,10.0,8.0,-3.1,-3.1,0.2,1928.0
95.0,1.0,10.0,7.0,-2.9,-2.9,0.2,4399.0
95.0,1.0,10.0,6.0,-2.9,-3.8,-0.9,1825.0
95.0,1.0,10.0,5.0,-2.5,-2.5,0.4,1897.0
95.0,0.0,10.0,4.0,-2.5,-2.5,0.0,2303.0
95.0,0.0,10.0,3.0,-2.5,-2.5,0.0,5585.0
95.0,0.0,10.0,2.0,-2.5,-2.5,0.0,2326.0
95.0,1.0,10.0,1.0,-2.5,-3.3,-0.8,2857.0
96.0,1.0,8.0,8.0,-3.8,-3.8,,5615.0
96.0,1.0,8.0,7.0,-1.9,-1.9,1.9,4703.0
96.0,0.0,8.0,6.0,-1.9,-1.9,0.0,1928.0
96.0,0.0,8.0,5.0,-1.9,-1.9,0.0,4399.0
96.0,0.0,8.0,4.0,-1.9,-1.9,0.0,1825.0
96.0,0.0,8.0,3.0,-1.9,-1.9,0.0,1897.0
96.0,0.0,8.0,2.0,-1.9,-1.9,0.0,2303.0
96.0,1.0,8.0,1.0,-1.9,-2.7,-0.8,5585.0
97.0,1.0,8.0,8.0,-3.2,-3.2,,5615.0
97.0,1.0,8.0,7.0,-2.2,-2.2,1.0,4703.0
97.0,0.0,8.0,6.0,-2.2,-2.2,0.0,1928.0
97.0,0.0,8.0,5.0,-2.2,-2.2,0.0,4399.0
97.0,0.0,8.0,4.0,-2.2,-2.2,0.0,1825.0
97.0,0.0,8.0,3.0,-2.2,-2.2,0.0,1897.0
97.0,1.0,8.0,2.0,-2.2,-2.5,-0.3,2303.0
97.0,0.0,8.0,1.0,-2.2,-2.2,0.0,5585.0
98.0,1.0,9.0,9.0,-2.8,-2.8,,5615.0
98.0,1.0,9.0,8.0,-2.8,-3.0,-0.2,4703.0
98.0,1.0,9.0,7.0,-2.8,-3.3,-0.5,1928.0
98.0,1.0,9.0,6.0,-2.8,-2.8,0.0,4399.0
98.0,1.0,9.0,5.0,-2.3,-2.3,0.5,1825.0
98.0,0.0,9.0,4.0,-2.3,-2.3,0.0,1897.0
98.0,0.0,9.0,3.0,-2.3,-2.3,0.0,2303.0
98.0,0.0,9.0,2.0,-2.3,-2.3,0.0,5585.0
98.0,1.0,9.0,1.0,-2.3,-3.8,-1.5,2326.0
99.0,1.0,9.0,9.0,-3.6,-3.6,,5615.0
99.0,1.0,9.0,8.0,-3.6,-3.8,-0.2,4703.0
99.0,1.0,9.0,7.0,-2.8,-2.8,0.8,1928.0
99.0,1.0,9.0,6.0,-2.8,-3.1,-0.3,4399.0
99.0,1.0,9.0,5.0,-2.8,-3.9,-1.1,1825.0
99.0,1.0,9.0,4.0,-1.7000000000000002,-1.7000000000000002,1.1,1897.0
99.0,0.0,9.0,3.0,-1.7000000000000002,-1.7000000000000002,0.0,2303.0
99.0,0.0,9.0,2.0,-1.7000000000000002,-1.7000000000000002,0.0,5585.0
99.0,0.0,9.0,1.0,-1.7000000000000002,-1.7000000000000002,0.0,2326.0
100.0,1.0,10.0,10.0,-3.5,-3.5,,5615.0
100.0,1.0,10.0,9.0,-3.0,-3.0,0.5,4703.0
100.0,1.0,10.0,8.0,-3.0,-3.7,-0.7,1928.0
100.0,1.0,10.0,7.0,-2.5,-2.5,0.5,4399.0
100.0,0.0,10.0,6.0,-2.5,-2.5,0.0,1825.0
100.0,0.0,10.0,5.0,-2.5,-2.5,0.0,1897.0
100.0,1.0,10.0,4.0,-2.5,-3.2,-0.7,2303.0
100.0,1.0,10.0,3.0,-2.5,-2.7,-0.2,5585.0
100.0,1.0,10.0,2.0,-2.5,-2.8,-0.3,2326.0
100.0,0.0,10.0,1.0,-2.5,-2.5,0.0,2857.0
101.0,1.0,8.0,8.0,-2.1,-2.1,,5615.0
101.0,0.0,8.0,7.0,-2.1,-2.1,0.0,4703.0
101.0,0.0,8.0,6.0,-2.1,-2.1,0.0,1928.0
101.0,0.0,8.0,5.0,-2.1,-2.1,0.0,4399.0
101.0,0.0,8.0,4.0,-2.1,-2.1,0.0,1825.0
101.0,0.0,8.0,3.0,-2.1,-2.1,0.0,1897.0
101.0,1.0,8.0,2.0,-2.1,-3.4,-1.3,2303.0
101.0,1.0,8.0,1.0,-2.1,-2.9,-0.8,5585.0
102.0,1.0,8.0,8.0,-3.4,-3.4,,5615.0
102.0,1.0,8.0,7.0,-2.3,-2.3,1.1,4703.0
102.0,1.0,8.0,6.0,-2.3,-3.1,-0.8,1928.0
102.0,0.0,8.0,5.0,-2.3,-2.3,0.0,4399.0
102.0,0.0,8.0,4.0,-2.3,-2.3,0.0,1825.0
102.0,0.0,8.0,3.0,-2.3,-2.3,0.0,1897.0
102.0,1.0,8.0,2.0,-2.3,-3.2,-0.9,2303.0
102.0,0.0,8.0,1.0,-2.3,-2.3,0.0,5585.0
103.0,1.0,6.0,6.0,-2.8,-2.8,,5615.0
103.0,1.0,6.0,5.0,-2.8,-2.9,-0.1,4703.0
103.0,1.0,6.0,4.0,-2.1,-2.1,0.7,1928.0
103.0,0.0,6.0,3.0,-2.1,-2.1,0.0,4399.0
103.0,0.0,6.0,2.0,-2.1,-2.1,0.0,1825.0
103.0,0.0,6.0,1.0,-2.1,-2.1,0.0,1897.0
104.0,1.0,5.0,5.0,-3.7,-3.7,,5615.0
104.0,1.0,5.0,4.0,-3.5,-3.5,0.2,4703.0
104.0,1.0,5.0,3.0,-2.6,-2.6,0.9,1928.0
104.0,0.0,5.0,2.0,-2.6,-2.6,0.0,4399.0
104.0,1.0,5.0,1.0,-2.6,-3.4,-0.8,1825.0
105.0,1.0,9.0,9.0,-2.7,-2.7,,5615.0
105.0,1.0,9.0,8.0,-2.3,-2.3,0.4,4703.0
105.0,0.0,9.0,7.0,-2.3,-2.3,0.0,1928.0
105.0,0.0,9.0,6.0,-2.3,-2.3,0.0,4399.0
105.0,0.0,9.0,5.0,-2.3,-2.3,0.0,1825.0
105.0,1.0,9.0,4.0,-2.3,-3.6,-1.3,1897.0
105.0,0.0,9.0,3.0,-2.3,-2.3,0.0,2303.0
105.0,1.0,9.0,2.0,-2.3,-3.1,-0.8,5585.0
105.0,1.0,9.0,1.0,-2.3,-3.0,-0.7,2326.0
106.0,1.0,7.0,7.0,-3.9,-3.9,,5615.0
106.0,1.0,7.0,6.0,-3.9,-3.9,0.0,4703.0
106.0,1.0,7.0,5.0,-2.7,-2.7,1.2,1928.0
106.0,0.0,7.0,4.0,-2.7,-2.7,0.0,4399.0
106.0,0.0,7.0,3.0,-2.7,-2.7,0.0,1825.0
106.0,1.0,7.0,2.0,-2.7,-2.9,-0.2,1897.0
106.0,1.0,7.0,1.0,-2.7,-2.8,-0.1,2303.0
107.0,1.0,8.0,8.0,-3.2,-3.2,,5615.0
107.0,1.0,8.0,7.0,-2.1,-2.1,1.1,4703.0
107.0,0.0,8.0,6.0,-2.1,-2.1,0.0,1928.0
107.0,0.0,8.0,5.0,-2.1,-2.1,0.0,4399.0
107.0,0.0,8.0,4.0,-2.1,-2.1,0.0,1825.0
107.0,0.0,8.0,3.0,-2.1,-2.1,0.0,1897.0
107.0,1.0,8.0,2.0,-2.1,-3.5,-1.4,2303.0
107.0,0.0,8.0,1.0,-2.1,-2.1,0.0,5585.0
108.0,1.0,8.0,8.0,-2.3,-2.3,,5615.0
108.0,0.0,8.0,7.0,-2.3,-2.3,0.0,4703.0
108.0,0.0,8.0,6.0,-2.3,-2.3,0.0,1928.0
108.0,0.0,8.0,5.0,-2.3,-2.3,0.0,4399.0
108.0,1.0,8.0,4.0,-2.3,-2.5,-0.2,1825.0
108.0,1.0,8.0,3.0,-1.7000000000000002,-1.7000000000000002,0.6,1897.0
108.0,0.0,8.0,2.0,-1.7000000000000002,-1.7000000000000002,0.0,2303.0
108.0,0.0,8.0,1.0,-1.7000000000000002,-1.7000000000000002,0.0,5585.0
109.0,1.0,5.0,5.0,-2.3,-2.3,,5615.0
109.0,0.0,5.0,4.0,-2.3,-2.3,0.0,4703.0
109.0,1.0,5.0,3.0,-2.3,-3.5,-1.2,1928.0
109.0,1.0,5.0,2.0,-2.3,-2.3,0.0,4399.0
109.0,0.0,5.0,1.0,-2.3,-2.3,0.0,1825.0
110.0,1.0,10.0,10.0,-3.4,-3.4,,5615.0
110.0,1.0,10.0,9.0,-2.5,-2.5,0.9,4703.0
110.0,0.0,10.0,8.0,-2.5,-2.5,0.0,1928.0
110.0,0.0,10.0,7.0,-2.5,-2.5,0.0,4399.0
110.0,0.0,10.0,6.0,-2.5,-2.5,0.0,1825.0
110.0,1.0,10.0,5.0,-2.5,-2.6,-0.1,1897.0
110.0,1.0,10.0,4.0,-2.5,-3.5,-1.0,2303.0
110.0,1.0,10.0,3.0,-2.5,-3.4,-0.9,5585.0
110.0,1.0,10.0,2.0,-2.2,-2.2,0.3,2326.0
110.0,0.0,10.0,1.0,-2.2,-2.2,0.0,2857.0
111.0,1.0,7.0,7.0,-4.1,-4.1,,5615.0
111.0,1.0,7.0,6.0,-3.1,-3.1,1.0,4703.0
111.0,1.0,7.0,5.0,-3.1,-3.6,-0.5,1928.0
111.0,1.0,7.0,4.0,-3.1,-3.1,0.0,4399.0
111.0,1.0,7.0,3.0,-3.1,-4.2,-1.1,1825.0
111.0,1.0,7.0,2.0,-3.1,-3.6,-0.5,1897.0
111.0,0.0,7.0,1.0,-3.1,-3.1,0.0,2303.0
112.0,1.0,9.0,9.0,-1.4,-1.4,,5615.0
112.0,0.0,9.0,8.0,-1.4,-1.4,0.0,4703.0
112.0,0.0,9.0,7.0,-1.4,-1.4,0.0,1928.0
112.0,0.0,9.0,6.0,-1.4,-1.4,0.0,4399.0
112.0,0.0,9.0,5.0,-1.4,-1.4,0.0,1825.0
112.0,0.0,9.0,4.0,-1.4,-1.4,0.0,1897.0
112.0,0.0,9.0,3.0,-1.4,-1.4,0.0,2303.0
112.0,0.0,9.0,2.0,-1.4,-1.4,0.0,5585.0
112.0,0.0,9.0,1.0,-1.4,-1.4,0.0,2326.0
113.0,1.0,9.0,9.0,-2.2,-2.2,,5615.0
113.0,0.0,9.0,8.0,-2.2,-2.2,0.0,4703.0
113.0,0.0,9.0,7.0,-2.2,-2.2,0.0,1928.0
113.0,0.0,9.0,6.0,-2.2,-2.2,0.0,4399.0
113.0,0.0,9.0,5.0,-2.2,-2.2,0.0,1825.0
113.0,0.0,9.0,4.0,-2.2,-2.2,0.0,1897.0
113.0,1.0,9.0,3.0,-2.2,-3.0,-0.8,2303.0
113.0,1.0,9.0,2.0,-2.2,-3.5,-1.3,5585.0
113.0,0.0,9.0,1.0,-2.2,-2.2,0.0,2326.0
114.0,1.0,9.0,9.0,-3.6,-3.6,,5615.0
114.0,1.0,9.0,8.0,-2.7,-2.7,0.9,4703.0
114.0,1.0,9.0,7.0,-2.7,-4.0,-1.3,1928.0
114.0,1.0,9.0,6.0,-2.7,-3.4,-0.7,4399.0
114.0,1.0,9.0,5.0,-2.3,-2.3,0.4,1825.0
114.0,0.0,9.0,4.0,-2.3,-2.3,0.0,1897.0
114.0,0.0,9.0,3.0,-2.3,-2.3,0.0,2303.0
114.0,1.0,9.0,2.0,-2.3,-2.9,-0.6,5585.0
114.0,0.0,9.0,1.0,-2.3,-2.3,0.0,2326.0
115.0,1.0,5.0,5.0,-2.9,-2.9,,5615.0
115.0,1.0,5.0,4.0,-2.9,-3.2,-0.3,4703.0
115.0,1.0,5.0,3.0,-2.1,-2.1,0.8,1928.0
115.0,0.0,5.0,2.0,-2.1,-2.1,0.0,4399.0
115.0,0.0,5.0,1.0,-2.1,-2.1,0.0,1825.0
116.0,1.0,8.0,8.0,-2.8,-2.8,,5615.0
116.0,1.0,8.0,7.0,-1.8,-1.8,1.0,4703.0
116.0,0.0,8.0,6.0,-1.8,-1.8,0.0,1928.0
116.0,0.0,8.0,5.0,-1.8,-1.8,0.0,4399.0
116.0,0.0,8.0,4.0,-1.8,-1.8,0.0,1825.0
116.0,0.0,8.0,3.0,-1.8,-1.8,0.0,1897.0
116.0,0.0,8.0,2.0,-1.8,-1.8,0.0,2303.0
116.0,0.0,8.0,1.0,-1.8,-1.8,0.0,5585.0
117.0,1.0,10.0,10.0,-2.2,-2.2,,5615.0
117.0,0.0,10.0,9.0,-2.2,-2.2,0.0,4703.0
117.0,0.0,10.0,8.0,-2.2,-2.2,0.0,1928.0
117.0,0.0,10.0,7.0,-2.2,-2.2,0.0,4399.0
117.0,0.0,10.0,6.0,-2.2,-2.2,0.0,1825.0
117.0,0.0,10.0,5.0,-2.2,-2.2,0.0,1897.0
117.0,1.0,10.0,4.0,-2.2,-3.4,-1.2,2303.0
117.0,1.0,10.0,3.0,-2.2,-2.8,-0.6,5585.0
117.0,0.0,10.0,2.0,-2.2,-2.2,0.0,2326.0
117.0,0.0,10.0,1.0,-2.2,-2.2,0.0,2857.0
118.0,1.0,8.0,8.0,-2.7,-2.7,,5615.0
118.0,1.0,8.0,7.0,-2.7,-3.1,-0.4,4703.0
118.0,0.0,8.0,6.0,-2.7,-2.7,0.0,1928.0
118.0,1.0,8.0,5.0,-2.7,-3.2,-0.5,4399.0
118.0,1.0,8.0,4.0,-2.7,-2.7,0.0,1825.0
118.0,1.0,8.0,3.0,-2.7,-3.5,-0.8,1897.0
118.0,1.0,8.0,2.0,-2.7,-2.8,-0.1,2303.0
118.0,0.0,8.0,1.0,-2.7,-2.7,0.0,5585.0
119.0,1.0,9.0,9.0,-2.6,-2.6,,5615.0
119.0,0.0,9.0,8.0,-2.6,-2.6,0.0,4703.0
119.0,1.0,9.0,7.0,-2.6,-3.5,-0.9,1928.0
119.0,1.0,9.0,6.0,-2.6,-3.8,-1.2,4399.0
119.0,1.0,9.0,5.0,-2.6,-3.3,-0.7,1825.0
119.0,1.0,9.0,4.0,-1.6,-1.6,1.0,1897.0
119.0,0.0,9.0,3.0,-1.6,-1.6,0.0,2303.0
119.0,0.0,9.0,2.0,-1.6,-1.6,0.0,5585.0
119.0,0.0,9.0,1.0,-1.6,-1.6,0.0,2326.0
120.0,1.0,9.0,9.0,-2.8,-2.8,,5615.0
120.0,0.0,9.0,8.0,-2.8,-2.8,0.0,4703.0
120.0,1.0,9.0,7.0,-2.5,-2.5,0.3,1928.0
120.0,0.0,9.0,6.0,-2.5,-2.5,0.0,4399.0
120.0,1.0,9.0,5.0,-2.5,-3.5,-1.0,1825.0
120.0,0.0,9.0,4.0,-2.5,-2.5,0.0,1897.0
120.0,1.0,9.0,3.0,-2.5,-3.1,-0.6,2303.0
120.0,1.0,9.0,2.0,-2.3,-2.3,0.2,5585.0
120.0,0.0,9.0,1.0,-2.3,-2.3,0.0,2326.0
121.0,1.0,7.0,7.0,-3.3,-3.3,,5615.0
121.0,1.0,7.0,6.0,-3.3,-3.7,-0.4,4703.0
121.0,1.0,7.0,5.0,-2.9,-2.9,0.4,1928.0
121.0,1.0,7.0,4.0,-2.9,-3.3,-0.4,4399.0
121.0,1.0,7.0,3.0,-2.9,-3.4,-0.5,1825.0
121.0,1.0,7.0,2.0,-2.5,-2.5,0.4,1897.0
121.0,0.0,7.0,1.0,-2.5,-2.5,0.0,2303.0
122.0,1.0,6.0,6.0,-3.1,-3.1,,5615.0
122.0,1.0,6.0,5.0,-2.8,-2.8,0.3,4703.0
122.0,1.0,6.0,4.0,-2.8,-2.8,0.0,1928.0
122.0,1.0,6.0,3.0,-2.8,-3.8,-1.0,4399.0
122.0,1.0,6.0,2.0,-2.8,-2.9,-0.1,1825.0
122.0,0.0,6.0,1.0,-2.8,-2.8,0.0,1897.0
123.0,1.0,7.0,7.0,-3.7,-3.7,,5615.0
123.0,1.0,7.0,6.0,-2.6,-2.6,1.1,4703.0
123.0,0.0,7.0,5.0,-2.6,-2.6,0.0,1928.0
123.0,0.0,7.0,4.0,-2.6,-2.6,0.0,4399.0
123.0,1.0,7.0,3.0,-2.6,-2.9,-0.3,1825.0
123.0,0.0,7.0,2.0,-2.6,-2.6,0.0,1897.0
123.0,1.0,7.0,1.0,-2.6,-2.8,-0.2,2303.0
124.0,1.0,7.0,7.0,-3.8,-3.8,,5615.0
124.0,1.0,7.0,6.0,-2.9,-2.9,0.9,4703.0
124.0,0.0,7.0,5.0,-2.9,-2.9,0.0,1928.0
124.0,1.0,7.0,4.0,-2.9,-4.1,-1.2,4399.0
124.0,0.0,7.0,3.0,-2.9,-2.9,0.0,1825.0
124.0,1.0,7.0,2.0,-2.8,-2.8,0.1,1897.0
124.0,1.0,7.0,1.0,-2.3,-2.3,0.5,2303.0
125.0,1.0,9.0,9.0,-2.3,-2.3,,5615.0
125.0,0.0,9.0,8.0,-2.3,-2.3,0.0,4703.0
125.0,0.0,9.0,7.0,-2.3,-2.3,0.0,1928.0
125.0,0.0,9.0,6.0,-2.3,-2.3,0.0,4399.0
125.0,1.0,9.0,5.0,-2.3,-2.4,-0.1,1825.0
125.0,0.0,9.0,4.0,-2.3,-2.3,0.0,1897.0
125.0,1.0,9.0,3.0,-2.3,-3.3,-1.0,2303.0
125.0,0.0,9.0,2.0,-2.3,-2.3,0.0,5585.0
125.0,1.0,9.0,1.0,-1.7000000000000002,-1.7000000000000002,0.6,2326.0
126.0,1.0,5.0,5.0,-3.1,-3.1,,5615.0
126.0,1.0,5.0,4.0,-2.6,-2.6,0.5,4703.0
126.0,0.0,5.0,3.0,-2.6,-2.6,0.0,1928.0
126.0,1.0,5.0,2.0,-2.6,-4.0,-1.4,4399.0
126.0,1.0,5.0,1.0,-2.6,-2.7,-0.1,1825.0
127.0,1.0,5.0,5.0,-2.4,-2.4,,5615.0
127.0,0.0,5.0,4.0,-2.4,-2.4,0.0,4703.0
127.0,0.0,5.0,3.0,-2.4,-2.4,0.0,1928.0
127.0,1.0,5.0,2.0,-2.4,-3.2,-0.8,4399.0
127.0,0.0,5.0,1.0,-2.4,-2.4,0.0,1825.0
128.0,1.0,8.0,8.0,-2.8,-2.8,,5615.0
128.0,0.0,8.0,7.0,-2.8,-2.8,0.0,4703.0
128.0,1.0,8.0,6.0,-2.6,-2.6,0.2,1928.0
128.0,0.0,8.0,5.0,-2.6,-2.6,0.0,4399.0
128.0,0.0,8.0,4.0,-2.6,-2.6,0.0,1825.0
128.0,1.0,8.0,3.0,-2.6,-3.8,-1.2,1897.0
128.0,1.0,8.0,2.0,-2.6,-2.9,-0.3,2303.0
128.0,0.0,8.0,1.0,-2.6,-2.6,0.0,5585.0
129.0,1.0,8.0,8.0,-2.6,-2.6,,5615.0
129.0,0.0,8.0,7.0,-2.6,-2.6,0.0,4703.0
129.0,1.0,8.0,6.0,-2.6,-3.2,-0.6,1928.0
129.0,1.0,8.0,5.0,-2.6,-2.7,-0.1,4399.0
129.0,1.0,8.0,4.0,-2.6,-2.9,-0.3,1825.0
129.0,1.0,8.0,3.0,-2.6,-2.6,0.0,1897.0
129.0,0.0,8.0,2.0,-2.6,-2.6,0.0,2303.0
129.0,0.0,8.0,1.0,-2.6,-2.6,0.0,5585.0
130.0,1.0,6.0,6.0,-2.8,-2.8,,5615.0
130.0,1.0,6.0,5.0,-2.8,-3.5,-0.7,4703.0
130.0,1.0,6.0,4.0,-2.8,-2.9,-0.1,1928.0
130.0,1.0,6.0,3.0,-2.7,-2.7,0.1,4399.0
130.0,0.0,6.0,2.0,-2.7,-2.7,0.0,1825.0
130.0,1.0,6.0,1.0,-2.7,-2.7,0.0,1897.0
131.0,1.0,9.0,9.0,-3.2,-3.2,,5615.0
131.0,1.0,9.0,8.0,-2.7,-2.7,0.5,4703.0
131.0,0.0,9.0,7.0,-2.7,-2.7,0.0,1928.0
131.0,0.0,9.0,6.0,-2.7,-2.7,0.0,4399.0
131.0,0.0,9.0,5.0,-2.7,-2.7,0.0,1825.0
131.0,1.0,9.0,4.0,-2.7,-2.9,-0.2,1897.0
131.0,1.0,9.0,3.0,-2.7,-3.8,-1.1,2303.0
131.0,1.0,9.0,2.0,-2.7,-3.4,-0.7,5585.0
131.0,0.0,9.0,1.0,-2.7,-2.7,0.0,2326.0
132.0,1.0,5.0,5.0,-3.5,-3.5,,5615.0
132.0,1.0,5.0,4.0,-2.8,-2.8,0.7,4703.0
132.0,1.0,5.0,3.0,-2.8,-3.1,-0.3,1928.0
132.0,1.0,5.0,2.0,-2.8,-3.0,-0.2,4399.0
132.0,0.0,5.0,1.0,-2.8,-2.8,0.0,1825.0
133.0,1.0,5.0,5.0,-2.7,-2.7,,5615.0
133.0,1.0,5.0,4.0,-2.7,-3.4,-0.7,4703.0
133.0,1.0,5.0,3.0,-2.2,-2.2,0.5,1928.0
133.0,0.0,5.0,2.0,-2.2,-2.2,0.0,4399.0
133.0,0.0,5.0,1.0,-2.2,-2.2,0.0,1825.0
134.0,1.0,6.0,6.0,-2.8,-2.8,,5615.0
134.0,0.0,6.0,5.0,-2.8,-2.8,0.0,4703.0
134.0,1.0,6.0,4.0,-2.8,-3.9,-1.1,1928.0
134.0,1.0,6.0,3.0,-2.8,-3.3,-0.5,4399.0
134.0,1.0,6.0,2.0,-2.8,-2.9,-0.1,1825.0
134.0,1.0,6.0,1.0,-1.3,-1.3,1.5,1897.0
135.0,1.0,10.0,10.0,-3.3,-3.3,,5615.0
135.0,1.0,10.0,9.0,-2.3,-2.3,1.0,4703.0
135.0,0.0,10.0,8.0,-2.3,-2.3,0.0,1928.0
135.0,1.0,10.0,7.0,-2.3,-3.7,-1.4,4399.0
135.0,1.0,10.0,6.0,-2.3,-3.0,-0.7,1825.0
135.0,1.0,10.0,5.0,-2.3,-3.2,-0.9,1897.0
135.0,1.0,10.0,4.0,-2.3,-3.8,-1.5,2303.0
135.0,0.0,10.0,3.0,-2.3,-2.3,0.0,5585.0
135.0,0.0,10.0,2.0,-2.3,-2.3,0.0,2326.0
135.0,0.0,10.0,1.0,-2.3,-2.3,0.0,2857.0
136.0,1.0,7.0,7.0,-3.2,-3.2,,5615.0
136.0,1.0,7.0,6.0,-3.2,-3.3,-0.1,4703.0
136.0,1.0,7.0,5.0,-2.7,-2.7,0.5,1928.0
136.0,1.0,7.0,4.0,-2.0,-2.0,0.7,4399.0
136.0,0.0,7.0,3.0,-2.0,-2.0,0.0,1825.0
136.0,0.0,7.0,2.0,-2.0,-2.0,0.0,1897.0
136.0,0.0,7.0,1.0,-2.0,-2.0,0.0,2303.0
137.0,1.0,5.0,5.0,-3.7,-3.7,,5615.0
137.0,1.0,5.0,4.0,-1.5,-1.5,2.2,4703.0
137.0,0.0,5.0,3.0,-1.5,-1.5,0.0,1928.0
137.0,0.0,5.0,2.0,-1.5,-1.5,0.0,4399.0
137.0,0.0,5.0,1.0,-1.5,-1.5,0.0,1825.0
138.0,1.0,7.0,7.0,-2.2,-2.2,,5615.0
138.0,0.0,7.0,6.0,-2.2,-2.2,0.0,4703.0
138.0,1.0,7.0,5.0,-2.2,-3.2,-1.0,1928.0
138.0,1.0,7.0,4.0,-2.2,-3.1,-0.9,4399.0
138.0,1.0,7.0,3.0,-2.2,-3.7,-1.5,1825.0
138.0,1.0,7.0,2.0,-2.2,-4.2,-2.0,1897.0
138.0,0.0,7.0,1.0,-2.2,-2.2,0.0,2303.0
139.0,1.0,8.0,8.0,-3.1,-3.1,,5615.0
139.0,1.0,8.0,7.0,-3.1,-3.8,-0.7,4703.0
139.0,1.0,8.0,6.0,-3.1,-3.3,-0.2,1928.0
139.0,1.0,8.0,5.0,-3.1,-3.3,-0.2,4399.0
139.0,1.0,8.0,4.0,-1.7000000000000002,-1.7000000000000002,1.4,1825.0
139.0,0.0,8.0,3.0,-1.7000000000000002,-1.7000000000000002,0.0,1897.0
139.0,0.0,8.0,2.0,-1.7000000000000002,-1.7000000000000002,0.0,2303.0
139.0,0.0,8.0,1.0,-1.7000000000000002,-1.7000000000000002,0.0,5585.0
140.0,1.0,7.0,7.0,-4.0,-4.0,,5615.0
140.0,1.0,7.0,6.0,-2.3,-2.3,1.7,4703.0
140.0,0.0,7.0,5.0,-2.3,-2.3,0.0,1928.0
140.0,0.0,7.0,4.0,-2.3,-2.3,0.0,4399.0
140.0,1.0,7.0,3.0,-2.3,-2.3,0.0,1825.0
140.0,1.0,7.0,2.0,-2.3,-3.6,-1.3,1897.0
140.0,1.0,7.0,1.0,-2.3,-3.2,-0.9,2303.0
141.0,1.0,5.0,5.0,-3.1,-3.1,,5615.0
141.0,1.0,5.0,4.0,-3.1,-3.2,-0.1,4703.0
141.0,1.0,5.0,3.0,-2.8,-2.8,0.3,1928.0
141.0,1.0,5.0,2.0,-2.8,-2.8,0.0,4399.0
141.0,1.0,5.0,1.0,-2.8,-2.8,0.0,1825.0
142.0,1.0,9.0,9.0,-3.4,-3.4,,5615.0
142.0,1.0,9.0,8.0,-1.0,-1.0,2.4,4703.0
142.0,0.0,9.0,7.0,-1.0,-1.0,0.0,1928.0
142.0,0.0,9.0,6.0,-1.0,-1.0,0.0,4399.0
142.0,0.0,9.0,5.0,-1.0,-1.0,0.0,1825.0
142.0,0.0,9.0,4.0,-1.0,-1.0,0.0,1897.0
142.0,0.0,9.0,3.0,-1.0,-1.0,0.0,2303.0
142.0,0.0,9.0,2.0,-1.0,-1.0,0.0,5585.0
142.0,0.0,9.0,1.0,-1.0,-1.0,0.0,2326.0
143.0,1.0,8.0,8.0,-4.0,-4.0,,5615.0
143.0,1.0,8.0,7.0,-2.7,-2.7,1.3,4703.0
143.0,1.0,8.0,6.0,-2.0,-2.0,0.7,1928.0
143.0,0.0,8.0,5.0,-2.0,-2.0,0.0,4399.0
143.0,0.0,8.0,4.0,-2.0,-2.0,0.0,1825.0
143.0,0.0,8.0,3.0,-2.0,-2.0,0.0,1897.0
143.0,0.0,8.0,2.0,-2.0,-2.0,0.0,2303.0
143.0,0.0,8.0,1.0,-2.0,-2.0,0.0,5585.0
144.0,1.0,9.0,9.0,-3.7,-3.7,,5615.0
144.0,1.0,9.0,8.0,-1.8,-1.8,1.9,4703.0
144.0,0.0,9.0,7.0,-1.8,-1.8,0.0,1928.0
144.0,0.0,9.0,6.0,-1.8,-1.8,0.0,4399.0
144.0,0.0,9.0,5.0,-1.8,-1.8,0.0,1825.0
144.0,0.0,9.0,4.0,-1.8,-1.8,0.0,1897.0
144.0,0.0,9.0,3.0,-1.8,-1.8,0.0,2303.0
144.0,0.0,9.0,2.0,-1.8,-1.8,0.0,5585.0
144.0,0.0,9.0,1.0,-1.8,-1.8,0.0,2326.0
145.0,1.0,10.0,10.0,-3.0,-3.0,,5615.0
145.0,1.0,10.0,9.0,-2.9,-2.9,0.1,4703.0
145.0,1.0,10.0,8.0,-2.9,-3.0,-0.1,1928.0
145.0,1.0,10.0,7.0,-2.9,-3.3,-0.4,4399.0
145.0,1.0,10.0,6.0,-1.9,-1.9,1.0,1825.0
145.0,0.0,10.0,5.0,-1.9,-1.9,0.0,1897.0
145.0,0.0,10.0,4.0,-1.9,-1.9,0.0,2303.0
145.0,0.0,10.0,3.0,-1.9,-1.9,0.0,5585.0
145.0,0.0,10.0,2.0,-1.9,-1.9,0.0,2326.0
145.0,0.0,10.0,1.0,-1.9,-1.9,0.0,2857.0
146.0,1.0,7.0,7.0,-2.2,-2.2,,5615.0
146.0,0.0,7.0,6.0,-2.2,-2.2,0.0,4703.0
146.0,0.0,7.0,5.0,-2.2,-2.2,0.0,1928.0
146.0,0.0,7.0,4.0,-2.2,-2.2,0.0,4399.0
146.0,0.0,7.0,3.0,-2.2,-2.2,0.0,1825.0
146.0,0.0,7.0,2.0,-2.2,-2.2,0.0,1897.0
146.0,0.0,7.0,1.0,-2.2,-2.2,0.0,2303.0
147.0,1.0,8.0,8.0,-3.7,-3.7,,5615.0
147.0,1.0,8.0,7.0,-3.1,-3.1,0.6,4703.0
147.0,1.0,8.0,6.0,-3.1,-3.8,-0.7,1928.0
147.0,1.0,8.0,5.0,-3.1,-3.4,-0.3,4399.0
147.0,1.0,8.0,4.0,-3.1,-3.4,-0.3,1825.0
147.0,1.0,8.0,3.0,-3.1,-3.2,-0.1,1897.0
147.0,1.0,8.0,2.0,-2.7,-2.7,0.4,2303.0
147.0,0.0,8.0,1.0,-2.7,-2.7,0.0,5585.0
148.0,1.0,9.0,9.0,-3.9,-3.9,,5615.0
148.0,1.0,9.0,8.0,-3.6,-3.6,0.3,4703.0
148.0,1.0,9.0,7.0,-2.3,-2.3,1.3,1928.0
148.0,0.0,9.0,6.0,-2.3,-2.3,0.0,4399.0
148.0,0.0,9.0,5.0,-2.3,-2.3,0.0,1825.0
148.0,0.0,9.0,4.0,-2.3,-2.3,0.0,1897.0
148.0,0.0,9.0,3.0,-2.3,-2.3,0.0,2303.0
148.0,0.0,9.0,2.0,-2.3,-2.3,0.0,5585.0
148.0,0.0,9.0,1.0,-2.3,-2.3,0.0,2326.0
149.0,1.0,6.0,6.0,-2.9,-2.9,,5615.0
149.0,1.0,6.0,5.0,-2.6,-2.6,0.3,4703.0
149.0,1.0,6.0,4.0,-2.5,-2.5,0.1,1928.0
149.0,0.0,6.0,3.0,-2.5,-2.5,0.0,4399.0
149.0,1.0,6.0,2.0,-2.5,-3.7,-1.2,1825.0
149.0,0.0,6.0,1.0,-2.5,-2.5,0.0,1897.0
150.0,1.0,6.0,6.0,-3.2,-3.2,,5615.0
150.0,1.0,6.0,5.0,-3.2,-3.6,-0.4,4703.0
150.0,1.0,6.0,4.0,-3.2,-3.8,-0.6,1928.0
150.0,1.0,6.0,3.0,-2.7,-2.7,0.5,4399.0
150.0,0.0,6.0,2.0,-2.7,-2.7,0.0,1825.0
150.0,0.0,6.0,1.0,-2.7,-2.7,0.0,1897.0
151.0,1.0,8.0,8.0,-2.8,-2.8,,5615.0
151.0,1.0,8.0,7.0,-2.8,-4.2,-1.4,4703.0
151.0,1.0,8.0,6.0,-2.5,-2.5,0.3,1928.0
151.0,1.0,8.0,5.0,-2.2,-2.2,0.3,4399.0
151.0,0.0,8.0,4.0,-2.2,-2.2,0.0,1825.0
151.0,0.0,8.0,3.0,-2.2,-2.2,0.0,1897.0
151.0,0.0,8.0,2.0,-2.2,-2.2,0.0,2303.0
151.0,0.0,8.0,1.0,-2.2,-2.2,0.0,5585.0
152.0,1.0,5.0,5.0,-3.3,-3.3,,5615.0
152.0,1.0,5.0,4.0,-2.1,-2.1,1.2,4703.0
152.0,0.0,5.0,3.0,-2.1,-2.1,0.0,1928.0
152.0,0.0,5.0,2.0,-2.1,-2.1,0.0,4399.0
152.0,0.0,5.0,1.0,-2.1,-2.1,0.0,1825.0
153.0,1.0,7.0,7.0,-2.4,-2.4,,5615.0
153.0,0.0,7.0,6.0,-2.4,-2.4,0.0,4703.0
153.0,0.0,7.0,5.0,-2.4,-2.4,0.0,1928.0
153.0,0.0,7.0,4.0,-2.4,-2.4,0.0,4399.0
153.0,0.0,7.0,3.0,-2.4,-2.4,0.0,1825.0
153.0,0.0,7.0,2.0,-2.4,-2.4,0.0,1897.0
153.0,0.0,7.0,1.0,-2.4,-2.4,0.0,2303.0
154.0,1.0,8.0,8.0,-3.1,-3.1,,5615.0
154.0,1.0,8.0,7.0,-3.1,-3.5,-0.4,4703.0
154.0,1.0,8.0,6.0,-3.1,-3.8,-0.7,1928.0
154.0,1.0,8.0,5.0,-3.1,-3.3,-0.2,4399.0
154.0,1.0,8.0,4.0,-3.1,-3.4,-0.3,1825.0
154.0,1.0,8.0,3.0,-3.1,-3.4,-0.3,1897.0
154.0,1.0,8.0,2.0,-2.2,-2.2,0.9,2303.0
154.0,0.0,8.0,1.0,-2.2,-2.2,0.0,5585.0
155.0,1.0,10.0,10.0,-2.8,-2.8,,5615.0
155.0,1.0,10.0,9.0,-2.8,-2.9,-0.1,4703.0
155.0,1.0,10.0,8.0,-2.8,-3.3,-0.5,1928.0
155.0,1.0,10.0,7.0,-2.7,-2.7,0.1,4399.0
155.0,1.0,10.0,6.0,-2.6,-2.6,0.1,1825.0
155.0,0.0,10.0,5.0,-2.6,-2.6,0.0,1897.0
155.0,0.0,10.0,4.0,-2.6,-2.6,0.0,2303.0
155.0,0.0,10.0,3.0,-2.6,-2.6,0.0,5585.0
155.0,0.0,10.0,2.0,-2.6,-2.6,0.0,2326.0
155.0,0.0,10.0,1.0,-2.6,-2.6,0.0,2857.0
156.0,1.0,9.0,9.0,-3.0,-3.0,,5615.0
156.0,1.0,9.0,8.0,-2.1,-2.1,0.9,4703.0
156.0,0.0,9.0,7.0,-2.1,-2.1,0.0,1928.0
156.0,0.0,9.0,6.0,-2.1,-2.1,0.0,4399.0
156.0,0.0,9.0,5.0,-2.1,-2.1,0.0,1825.0
156.0,0.0,9.0,4.0,-2.1,-2.1,0.0,1897.0
156.0,0.0,9.0,3.0,-2.1,-2.1,0.0,2303.0
156.0,0.0,9.0,2.0,-2.1,-2.1,0.0,5585.0
156.0,0.0,9.0,1.0,-2.1,-2.1,0.0,2326.0
157.0,1.0,6.0,6.0,-2.3,-2.3,,5615.0
157.0,0.0,6.0,5.0,-2.3,-2.3,0.0,4703.0
157.0,0.0,6.0,4.0,-2.3,-2.3,0.0,1928.0
157.0,0.0,6.0,3.0,-2.3,-2.3,0.0,4399.0
157.0,0.0,6.0,2.0,-2.3,-2.3,0.0,1825.0
157.0,1.0,6.0,1.0,-2.3,-2.4,-0.1,1897.0
158.0,1.0,7.0,7.0,-3.6,-3.6,,5615.0
158.0,1.0,7.0,6.0,-2.9,-2.9,0.7,4703.0
158.0,1.0,7.0,5.0,-2.8,-2.8,0.1,1928.0
158.0,1.0,7.0,4.0,-2.0,-2.0,0.8,4399.0
158.0,0.0,7.0,3.0,-2.0,-2.0,0.0,1825.0
158.0,0.0,7.0,2.0,-2.0,-2.0,0.0,1897.0
158.0,0.0,7.0,1.0,-2.0,-2.0,0.0,2303.0
159.0,1.0,10.0,10.0,-3.3,-3.3,,5615.0
159.0,1.0,10.0,9.0,-3.1,-3.1,0.2,4703.0
159.0,1.0,10.0,8.0,-2.0,-2.0,1.1,1928.0
159.0,0.0,10.0,7.0,-2.0,-2.0,0.0,4399.0
159.0,0.0,10.0,6.0,-2.0,-2.0,0.0,1825.0
159.0,0.0,10.0,5.0,-2.0,-2.0,0.0,1897.0
159.0,0.0,10.0,4.0,-2.0,-2.0,0.0,2303.0
159.0,0.0,10.0,3.0,-2.0,-2.0,0.0,5585.0
159.0,0.0,10.0,2.0,-2.0,-2.0,0.0,2326.0
159.0,0.0,10.0,1.0,-2.0,-2.0,0.0,2857.0
160.0,1.0,5.0,5.0,-4.2,-4.2,,5615.0
160.0,1.0,5.0,4.0,-3.4,-3.4,0.8,4703.0
160.0,1.0,5.0,3.0,-2.5,-2.5,0.9,1928.0
160.0,0.0,5.0,2.0,-2.5,-2.5,0.0,4399.0
160.0,0.0,5.0,1.0,-2.5,-2.5,0.0,1825.0
161.0,1.0,10.0,10.0,-2.8,-2.8,,5615.0
161.0,1.0,10.0,9.0,-2.8,-3.3,-0.5,4703.0
161.0,1.0,10.0,8.0,-2.8,-3.2,-0.4,1928.0
161.0,1.0,10.0,7.0,-2.6,-2.6,0.2,4399.0
161.0,0.0,10.0,6.0,-2.6,-2.6,0.0,1825.0
161.0,0.0,10.0,5.0,-2.6,-2.6,0.0,1897.0
161.0,0.0,10.0,4.0,-2.6,-2.6,0.0,2303.0
161.0,0.0,10.0,3.0,-2.6,-2.6,0.0,5585.0
161.0,0.0,10.0,2.0,-2.6,-2.6,0.0,2326.0
161.0,1.0,10.0,1.0,-2.6,-3.3,-0.7,2857.0
162.0,1.0,9.0,9.0,-3.1,-3.1,,5615.0
162.0,1.0,9.0,8.0,-2.7,-2.7,0.4,4703.0
162.0,1.0,9.0,7.0,-2.7,-3.1,-0.4,1928.0
162.0,1.0,9.0,6.0,-2.7,-3.2,-0.5,4399.0
162.0,1.0,9.0,5.0,-2.6,-2.6,0.1,1825.0
162.0,0.0,9.0,4.0,-2.6,-2.6,0.0,1897.0
162.0,0.0,9.0,3.0,-2.6,-2.6,0.0,2303.0
162.0,0.0,9.0,2.0,-2.6,-2.6,0.0,5585.0
162.0,0.0,9.0,1.0,-2.6,-2.6,0.0,2326.0
163.0,1.0,7.0,7.0,-3.3,-3.3,,5615.0
163.0,1.0,7.0,6.0,-3.3,-4.1,-0.8,4703.0
163.0,1.0,7.0,5.0,-2.6,-2.6,0.7,1928.0
163.0,0.0,7.0,4.0,-2.6,-2.6,0.0,4399.0
163.0,0.0,7.0,3.0,-2.6,-2.6,0.0,1825.0
163.0,0.0,7.0,2.0,-2.6,-2.6,0.0,1897.0
163.0,1.0,7.0,1.0,-2.6,-2.6,0.0,2303.0
164.0,1.0,7.0,7.0,-3.7,-3.7,,5615.0
164.0,1.0,7.0,6.0,-3.3,-3.3,0.4,4703.0
164.0,1.0,7.0,5.0,-2.7,-2.7,0.6,1928.0
164.0,0.0,7.0,4.0,-2.7,-2.7,0.0,4399.0
164.0,0.0,7.0,3.0,-2.7,-2.7,0.0,1825.0
164.0,1.0,7.0,2.0,-2.7,-3.0,-0.3,1897.0
164.0,0.0,7.0,1.0,-2.7,-2.7,0.0,2303.0
165.0,1.0,6.0,6.0,-3.5,-3.5,,5615.0
165.0,1.0,6.0,5.0,-3.1,-3.1,0.4,4703.0
165.0,1.0,6.0,4.0,-2.6,-2.6,0.5,1928.0
165.0,1.0,6.0,3.0,-2.6,-4.4,-1.8,4399.0
165.0,0.0,6.0,2.0,-2.6,-2.6,0.0,1825.0
165.0,0.0,6.0,1.0,-2.6,-2.6,0.0,1897.0
166.0,1.0,10.0,10.0,-2.5,-2.5,,5615.0
166.0,0.0,10.0,9.0,-2.5,-2.5,0.0,4703.0
166.0,0.0,10.0,8.0,-2.5,-2.5,0.0,1928.0
166.0,1.0,10.0,7.0,-1.8,-1.8,0.7,4399.0
166.0,0.0,10.0,6.0,-1.8,-1.8,0.0,1825.0
166.0,0.0,10.0,5.0,-1.8,-1.8,0.0,1897.0
166.0,0.0,10.0,4.0,-1.8,-1.8,0.0,2303.0
166.0,0.0,10.0,3.0,-1.8,-1.8,0.0,5585.0
166.0,0.0,10.0,2.0,-1.8,-1.8,0.0,2326.0
166.0,0.0,10.0,1.0,-1.8,-1.8,0.0,2857.0
167.0,1.0,5.0,5.0,-4.0,-4.0,,5615.0
167.0,1.0,5.0,4.0,-2.4,-2.4,1.6,4703.0
167.0,0.0,5.0,3.0,-2.4,-2.4,0.0,1928.0
167.0,0.0,5.0,2.0,-2.4,-2.4,0.0,4399.0
167.0,1.0,5.0,1.0,-2.2,-2.2,0.2,1825.0
168.0,1.0,10.0,10.0,-1.5,-1.5,,5615.0
168.0,0.0,10.0,9.0,-1.5,-1.5,0.0,4703.0
168.0,0.0,10.0,8.0,-1.5,-1.5,0.0,1928.0
168.0,0.0,10.0,7.0,-1.5,-1.5,0.0,4399.0
168.0,0.0,10.0,6.0,-1.5,-1.5,0.0,1825.0
168.0,0.0,10.0,5.0,-1.5,-1.5,0.0,1897.0
168.0,0.0,10.0,4.0,-1.5,-1.5,0.0,2303.0
168.0,0.0,10.0,3.0,-1.5,-1.5,0.0,5585.0
168.0,0.0,10.0,2.0,-1.5,-1.5,0.0,2326.0
168.0,0.0,10.0,1.0,-1.5,-1.5,0.0,2857.0
169.0,1.0,9.0,9.0,-3.5,-3.5,,5615.0
169.0,1.0,9.0,8.0,-3.1,-3.1,0.4,4703.0
169.0,1.0,9.0,7.0,-3.1,-4.1,-1.0,1928.0
169.0,1.0,9.0,6.0,-2.9,-2.9,0.2,4399.0
169.0,1.0,9.0,5.0,-2.5,-2.5,0.4,1825.0
169.0,0.0,9.0,4.0,-2.5,-2.5,0.0,1897.0
169.0,0.0,9.0,3.0,-2.5,-2.5,0.0,2303.0
169.0,0.0,9.0,2.0,-2.5,-2.5,0.0,5585.0
169.0,0.0,9.0,1.0,-2.5,-2.5,0.0,2326.0
170.0,1.0,9.0,9.0,-3.2,-3.2,,5615.0
170.0,1.0,9.0,8.0,-2.1,-2.1,1.1,4703.0
170.0,0.0,9.0,7.0,-2.1,-2.1,0.0,1928.0
170.0,0.0,9.0,6.0,-2.1,-2.1,0.0,4399.0
170.0,0.0,9.0,5.0,-2.1,-2.1,0.0,1825.0
170.0,0.0,9.0,4.0,-2.1,-2.1,0.0,1897.0
170.0,0.0,9.0,3.0,-2.1,-2.1,0.0,2303.0
170.0,0.0,9.0,2.0,-2.1,-2.1,0.0,5585.0
170.0,0.0,9.0,1.0,-2.1,-2.1,0.0,2326.0
171.0,1.0,6.0,6.0,-3.4,-3.4,,5615.0
171.0,1.0,6.0,5.0,-3.0,-3.0,0.4,4703.0
171.0,1.0,6.0,4.0,-2.5,-2.5,0.5,1928.0
171.0,0.0,6.0,3.0,-2.5,-2.5,0.0,4399.0
171.0,0.0,6.0,2.0,-2.5,-2.5,0.0,1825.0
171.0,0.0,6.0,1.0,-2.5,-2.5,0.0,1897.0
172.0,1.0,9.0,9.0,-2.4,-2.4,,5615.0
172.0,0.0,9.0,8.0,-2.4,-2.4,0.0,4703.0
172.0,0.0,9.0,7.0,-2.4,-2.4,0.0,1928.0
172.0,1.0,9.0,6.0,-2.4,-3.2,-0.8,4399.0
172.0,1.0,9.0,5.0,-2.4,-3.0,-0.6,1825.0
172.0,1.0,9.0,4.0,-2.3,-2.3,0.1,1897.0
172.0,0.0,9.0,3.0,-2.3,-2.3,0.0,2303.0
172.0,0.0,9.0,2.0,-2.3,-2.3,0.0,5585.0
172.0,0.0,9.0,1.0,-2.3,-2.3,0.0,2326.0
173.0,1.0,5.0,5.0,-2.8,-2.8,,5615.0
173.0,0.0,5.0,4.0,-2.8,-2.8,0.0,4703.0
173.0,1.0,5.0,3.0,-2.8,-3.0,-0.2,1928.0
173.0,1.0,5.0,2.0,-2.4,-2.4,0.4,4399.0
173.0,0.0,5.0,1.0,-2.4,-2.4,0.0,1825.0
174.0,1.0,5.0,5.0,-3.8,-3.8,,5615.0
174.0,1.0,5.0,4.0,-3.3,-3.3,0.5,4703.0
174.0,1.0,5.0,3.0,-3.3,-3.7,-0.4,1928.0
174.0,1.0,5.0,2.0,-2.8,-2.8,0.5,4399.0
174.0,0.0,5.0,1.0,-2.8,-2.8,0.0,1825.0
175.0,1.0,9.0,9.0,-2.5,-2.5,,5615.0
175.0,0.0,9.0,8.0,-2.5,-2.5,0.0,4703.0
175.0,0.0,9.0,7.0,-2.5,-2.5,0.0,1928.0
175.0,0.0,9.0,6.0,-2.5,-2.5,0.0,4399.0
175.0,0.0,9.0,5.0,-2.5,-2.5,0.0,1825.0
175.0,0.0,9.0,4.0,-2.5,-2.5,0.0,1897.0
175.0,0.0,9.0,3.0,-2.5,-2.5,0.0,2303.0
175.0,1.0,9.0,2.0,-2.5,-2.9,-0.4,5585.0
175.0,0.0,9.0,1.0,-2.5,-2.5,0.0,2326.0
176.0,1.0,10.0,10.0,-3.5,-3.5,,5615.0
176.0,1.0,10.0,9.0,-3.5,-3.7,-0.2,4703.0
176.0,1.0,10.0,8.0,-2.8,-2.8,0.7,1928.0
176.0,0.0,10.0,7.0,-2.8,-2.8,0.0,4399.0
176.0,1.0,10.0,6.0,-2.8,-3.7,-0.9,1825.0
176.0,1.0,10.0,5.0,-2.8,-3.4,-0.6,1897.0
176.0,0.0,10.0,4.0,-2.8,-2.8,0.0,2303.0
176.0,0.0,10.0,3.0,-2.8,-2.8,0.0,5585.0
176.0,0.0,10.0,2.0,-2.8,-2.8,0.0,2326.0
176.0,0.0,10.0,1.0,-2.8,-2.8,0.0,2857.0
177.0,1.0,7.0,7.0,-4.2,-4.2,,5615.0
177.0,1.0,7.0,6.0,-3.5,-3.5,0.7,4703.0
177.0,1.0,7.0,5.0,-3.5,-3.9,-0.4,1928.0
177.0,1.0,7.0,4.0,-3.1,-3.1,0.4,4399.0
177.0,1.0,7.0,3.0,-2.9,-2.9,0.2,1825.0
177.0,0.0,7.0,2.0,-2.9,-2.9,0.0,1897.0
177.0,0.0,7.0,1.0,-2.9,-2.9,0.0,2303.0
178.0,1.0,8.0,8.0,-2.1,-2.1,,5615.0
178.0,0.0,8.0,7.0,-2.1,-2.1,0.0,4703.0
178.0,0.0,8.0,6.0,-2.1,-2.1,0.0,1928.0
178.0,0.0,8.0,5.0,-2.1,-2.1,0.0,4399.0
178.0,0.0,8.0,4.0,-2.1,-2.1,0.0,1825.0
178.0,0.0,8.0,3.0,-2.1,-2.1,0.0,1897.0
178.0,0.0,8.0,2.0,-2.1,-2.1,0.0,2303.0
178.0,0.0,8.0,1.0,-2.1,-2.1,0.0,5585.0
179.0,1.0,6.0,6.0,-3.8,-3.8,,5615.0
179.0,1.0,6.0,5.0,-1.9,-1.9,1.9,4703.0
179.0,0.0,6.0,4.0,-1.9,-1.9,0.0,1928.0
179.0,0.0,6.0,3.0,-1.9,-1.9,0.0,4399.0
179.0,0.0,6.0,2.0,-1.9,-1.9,0.0,1825.0
179.0,0.0,6.0,1.0,-1.9,-1.9,0.0,1897.0
180.0,1.0,9.0,9.0,-2.8,-2.8,,5615.0
180.0,0.0,9.0,8.0,-2.8,-2.8,0.0,4703.0
180.0,1.0,9.0,7.0,-2.8,-2.9,-0.1,1928.0
180.0,0.0,9.0,6.0,-2.8,-2.8,0.0,4399.0
180.0,0.0,9.0,5.0,-2.8,-2.8,0.0,1825.0
180.0,1.0,9.0,4.0,-2.8,-4.0,-1.2,1897.0
180.0,0.0,9.0,3.0,-2.8,-2.8,0.0,2303.0
180.0,0.0,9.0,2.0,-2.8,-2.8,0.0,5585.0
180.0,0.0,9.0,1.0,-2.8,-2.8,0.0,2326.0
